System,Period (days),V,Spectral type,Mass (Msun),Radius (Rsun),Surface gravity (cgs),log Teff (K),log (L/Lsun),[M/H],,,B-V,Sec Spectral type,Sec Mass (Msun ),Sec Radius (Rsun),Sec Surface gravity (cgs),Sec Log Teff (K),Sec log (L/Lsun),(dex),
V3903 Sgr,1.744,7.27,O7_V,27.27 ± 0.55,8.088 ± 0.086,4.058 ± 0.016,4.580 ± 0.021,5.087 ± 0.029,,,,0.06,O9_V,19.01 ± 0.44,6.125 ± 0.060,4.143 ± 0.013,4.531 ± 0.021,4.658 ± 0.032,,
V467 Vel,2.753,10.9,O6_Vf,25.3 ± 0.7,9.99 ± 0.09,3.842 ± 0.016,4.559 ± 0.031,5.187 ± 0.126,,,,0,B1_V,8.25 ± 0.17,3.49 ± 0.03,4.268 ± 0.017,4.402 ± 0.046,3.649 ± 0.110,,
CC Cas,3.366,7.08,O8.5_III,23.49 ± 0.92,10.87 ± 0.18,3.736 ± 0.013,4.538 ± 0.025,5.179 ± 0.053,,,,0.48,B0.5_V,9.95 ± 0.34,6.84 ± 0.18,3.766 ± 0.022,4.452 ± 0.031,4.474 ± 0.064,,
EM Car,3.414,8.38,O8_V,22.89 ± 0.32,9.35 ± 0.17,3.856 ± 0.017,4.531 ± 0.026,5.02 ± 0.10,,,,-0.31,O8_V,21.43 ± 0.33,8.34 ± 0.14,3.926 ± 0.016,4.531 ± 0.026,4.92 ± 0.10,,
δ Cir,3.902,5.09,O7_IV,20.00 ± 0.50,9.256 ± 0.091,3.806 ± 0.007,4.574 ± 0.010,5.184 ± 0.070,,,,-0.06,O9.5_V,11.41 ± 0.24,5.326 ± 0.091,4.043 ± 0.014,4.519 ± 0.013,4.339 ± 0.090,,
DN Cas,2.311,9.93,O8_V,19.04 ± 0.07,7.22 ± 0.06,4.000 ± 0.009,4.507 ± 0.014,4.70 ± 0.06,,,,0.53,B0.2_V,13.73 ± 0.05,5.79 ± 0.06,4.270 ± 0.010,4.447 ± 0.017,4.27 ± 0.08,,
V1292 Sco,4.24,7.57,O9.5_III,18.64 ± 0.47,9.40 ± 0.15,3.762 ± 0.018,4.490 ± 0.014,,,,,0.14,B1-2_IV,7.70 ± 0.12,3.69 ± 0.06,4.190 ± 0.016,4.336 ± 0.020,,,
Y Cyg,2.996,7.32,O9.8_V,17.72 ± 0.35,5.785 ± 0.091,4.161 ± 0.014,4.521 ± 0.003,,0,,,-0.09,O9.8_V,17.73 ± 0.30,5.816 ± 0.063,4.157 ± 0.010,4.525 ± 0.003,,± 0.00,
AH Cep,1.775,6.81,B0.5_V,16.14 ± 0.26,6.51 ± 0.10,4.019 ± 0.012,4.487 ± 0.008,4.53 ± 0.03,0,,,0.3,B0.5_V,13.69 ± 0.21,5.64 ± 0.11,4.073 ± 0.018,4.459 ± 0.008,4.30 ± 0.04,± 0.00,
V478 Cyg,2.881,8.63,O9.5_V,15.40 ± 0.38,7.26 ± 0.09,3.904 ± 0.009,4.507 ± 0.007,4.70 ± 0.03,0,,,-0.29,O9.5_V,15.02 ± 0.35,7.15 ± 0.09,3.907 ± 0.010,4.502 ± 0.008,4.67 ± 0.04,± 0.00,
V578 Mon,2.408,8.54,B1_V:,14.54 ± 0.08,5.41 ± 0.04,4.133 ± 0.018,4.477 ± 0.007,4.33 ± 0.03,0,,,0.17,early_B,10.29 ± 0.06,4.29 ± 0.05,4.185 ± 0.021,4.411 ± 0.007,3.86 ± 0.03,± 0.00,
V453 Cyg,3.89,8.29,B0.4_IV,13.96 ± 0.23,8.665 ± 0.055,3.708 ± 0.004,4.459 ± 0.008,4.666 ± 0.031,0,,,0.18,B0.7_IV,11.10 ± 0.18,5.250 ± 0.056,4.044 ± 0.009,4.442 ± 0.009,4.163 ± 0.039,± 0.00,
OGLE-LMC-ECL-22270,5.414,14.03,none,13.21 ± 0.08,8.48 ± 0.10,3.702 ± 0.010,4.417 ± 0.027,4.478 ± 0.010,,,,-0.02,none,14.44 ± 0.14,12.95 ± 0.05,3.374 ± 0.003,4.376 ± 0.024,4.681 ± 0.003,,
CW Cep,2.729,7.59,B0.5_V,13.00 ± 0.07,5.45 ± 0.06,4.079 ± 0.010,4.452 ± 0.008,,0,,,-0.28,B0.5_V,11.94 ± 0.08,5.09 ± 0.06,4.102 ± 0.104,4.440 ± 0.007,,± 0.00,
V380 Cyg,12.426,5.68,B1.5_III,11.43 ± 0.19,15.71 ± 0.13,3.104 ± 0.006,4.336 ± 0.006,4.691 ± 0.041,0.03,,,-0.06,B2_V,7.00 ± 0.14,3.819 ± 0.048,4.120 ± 0.011,4.356 ± 0.023,3.626 ± 0.038,± 0.10,
DW Car,1.328,9.68,B1_V,11.34 ± 0.12,4.558 ± 0.045,4.175 ± 0.008,4.446 ± 0.016,4.055 ± 0.063,0,,,0.07,B1_V,10.63 ± 0.14,4.297 ± 0.055,4.198 ± 0.011,4.423 ± 0.016,3.915 ± 0.067,± 0.00,
QX Car,4.478,6.64,B2_V,9.267 ± 0.122,4.289 ± 0.091,4.140 ± 0.020,4.377 ± 0.009,3.72 ± 0.04,,,,-0.23,B2_V,8.480 ± 0.122,4.051 ± 0.091,4.151 ± 0.021,4.354 ± 0.010,3.58 ± 0.04,,
V1388 Ori,2.187,7.5,B2.5_IV,7.237 ± 0.078,5.301 ± 0.074,3.849 ± 0.012,4.279 ± 0.023,3.650 ± 0.044,,,,-0.06,B3_V,5.028 ± 0.038,3.144 ± 0.056,4.144 ± 0.015,4.230 ± 0.025,3.018 ± 0.049,,
V436 Per,25.936,5.52,B1.5V,6.880 ± 0.037,3.415 ± 0.046,4.209 ± 0.012,4.332 ± 0.020,3.351 ± 0.081,,,,-0.18,B1.5V,7.348 ± 0.039,3.745 ± 0.027,4.157 ± 0.006,4.342 ± 0.020,3.471 ± 0.079,,
V539 Ara,3.169,5.71,B3_V,6.239 ± 0.066,4.551 ± 0.019,3.917 ± 0.003,4.258 ± 0.012,3.302 ± 0.048,,,,-0.19,B4_V,5.313 ± 0.060,3.575 ± 0.035,4.057 ± 0.008,4.233 ± 0.013,2.993 ± 0.052,,
CV Vel,6.889,6.69,B2.5_V,6.067 ± 0.011,4.08 ± 0.03,4.000 ± 0.008,4.255 ± 0.012,3.204 ± 0.048,0,,,-0.19,B2.5_V,5.952 ± 0.011,3.94 ± 0.03,4.021 ± 0.008,4.250 ± 0.012,3.137 ± 0.048,± 0.00,
DI Her,10.55,8.42,B5_V,5.185 ± 0.108,2.680 ± 0.046,4.297 ± 0.018,4.230 ± 0.020,2.73 ± 0.08,,,,-0.18,B5_V,4.534 ± 0.066,2.477 ± 0.045,4.307 ± 0.017,4.179 ± 0.020,2.46 ± 0.08,,
U Oph,1.678,5.91,B5_V,5.09 ± 0.06,3.44 ± 0.01,4.073 ± 0.004,4.220 ± 0.005,,0,,,-0.18,B6_V,4.58 ± 0.05,3.05 ± 0.01,4.131 ± 0.004,4.183 ± 0.003,,± 0.00,
EP Cru,11.077,8.69,B5_V,5.02 ± 0.13,3.590 ± 0.035,4.028 ± 0.008,4.196 ± 0.014,,,,,-0.04,B5_V,4.83 ± 0.13,3.495 ± 0.034,4.035 ± 0.008,4.188 ± 0.014,,,
V760 Sco,1.731,6.99,B4_V,4.980 ± 0.090,3.013 ± 0.066,4.177 ± 0.021,4.228 ± 0.013,2.82 ± 0.05,,,,-0.17,B4_V,4.620 ± 0.073,2.640 ± 0.053,4.259 ± 0.019,4.210 ± 0.013,2.63 ± 0.06,,
ASAS J180057-2333.8,269.496,10.34,K1_II,4.914 ± 0.021,52.12 ± 1.38,1.696 ± 0.023,3.657 ± 0.008,3.013 ± 0.038,-0.14,,,1.6,K4_II,4.875 ± 0.021,67.63 ± 1.40,1.466 ± 0.018,3.624 ± 0.008,3.111 ± 0.037,± 0.10,
MU Cas,9.653,10.8,B5_V,4.57 ± 0.09,3.67 ± 0.04,3.969 ± 0.010,4.179 ± 0.014,2.80 ± 0.06,,,,0.3,B5_V,4.66 ± 0.10,4.19 ± 0.05,3.861 ± 0.010,4.169 ± 0.014,2.88 ± 0.06,,
OGLE SMC108.1 14904,185.218,15.21,F9_II,4.416 ± 0.041,46.95 ± 0.53,1.740 ± 0.014,3.754 ± 0.008,3.313 ± 0.042,-0.79,,,0.86,G7_II,4.429 ± 0.037,64.05 ± 0.50,1.472 ± 0.010,3.695 ± 0.008,3.346 ± 0.038,± 0.15,
OGLE-LMC-ECL-06575,189.994,15.81,G6_II-III,4.167 ± 0.022,43.93 ± 0.43,1.773 ± 0.008,3.692 ± 0.007,3.009 ± 0.029,-0.46,,,1.2,K0_III,3.989 ± 0.026,46.75 ± 0.43,1.699 ± 0.008,3.667 ± 0.006,2.963 ± 0.024,± 0.10,
OGLE-LMC-CEP-00227,309.669,15.2,F7_Ib-II,4.15 ± 0.03,34.87 ± 0.12,1.970 ± 0.004,3.778 ± 0.012,3.15 ± 0.05,,,,0.6,G4_II,4.06 ± 0.03,44.79 ± 0.14,1.743 ± 0.003,3.708 ± 0.010,3.09 ± 0.04,,
GG Lup,1.85,5.59,B7_V,4.116 ± 0.040,2.379 ± 0.025,4.301 ± 0.011,4.169 ± 0.013,2.38 ± 0.05,,,,-0.16,B9_V,2.509 ± 0.024,1.725 ± 0.019,4.364 ± 0.010,4.041 ± 0.024,1.59 ± 0.10,,
OGLE-LMC-ECL-13360,262.439,15.82,G1_II-III,3.950 ± 0.024,30.46 ± 0.38,2.067 ± 0.011,3.740 ± 0.007,2.882 ± 0.031,-0.3,,,1.07,G4_II-III,4.060 ± 0.024,39.46 ± 0.35,1.854 ± 0.008,3.706 ± 0.007,2.972 ± 0.028,± 0.10,
ζ Phe,1.67,3.95,B6_V,3.908 ± 0.057,2.835 ± 0.019,4.125 ± 0.005,4.158 ± 0.024,2.49 ± 0.10,,,,-0.15,B8_V,2.536 ± 0.031,1.885 ± 0.011,4.292 ± 0.004,4.079 ± 0.022,1.82 ± 0.09,,
OGLE-SMC-ECL-3678,187.843,15.56,F2_II,3.83 ± 0.02,31.2 ± 0.5,2.03 ± 0.01,3.823 ± 0.008,3.234 ± 0.037,-0.78,,,0.67,G6_II,3.73 ± 0.01,42.6 ± 0.4,1.75 ± 0.01,3.697 ± 0.006,3.003 ± 0.026,± 0.08,
OGLE-LMC-CEP-01812,551.776,16.69,F7_II,3.76 ± 0.03,17.85 ± 0.13,2.509 ± 0.007,3.787 ± 0.011,2.61 ± 0.04,,,,0.64,G4_III,2.62 ± 0.02,11.83 ± 0.08,2.709 ± 0.007,3.713 ± 0.010,1.95 ± 0.04,,
V413 Ser,2.26,8,B8_V,3.68 ± 0.05,3.21 ± 0.05,3.9914 ± 0.0028,4.045 ± 0.012,2.149 ± 0.022,,,,0.58,B9_V,3.36 ± 0.04,2.93 ± 0.05,4.0310 ± 0.0031,4.015 ± 0.012,1.949 ± 0.034,,
χ2 Hya,2.268,5.65,B8_V,3.613 ± 0.079,4.384 ± 0.039,3.712 ± 0.015,4.066 ± 0.010,2.50 ± 0.04,,,,-0.09,B8_V,2.638 ± 0.050,2.165 ± 0.043,4.188 ± 0.019,4.041 ± 0.010,1.79 ± 0.04,,
OGLE-LMC-CEP-04506,1550.354,15.5,F7_Ib,3.61 ± 0.03,28.5 ± 0.2,2.087 ± 0.007,3.787 ± 0.011,3.01 ± 0.05,,,,0.5,F7_Ib-II,3.52 ± 0.03,26.4 ± 0.2,2.142 ± 0.006,3.783 ± 0.011,2.93 ± 0.05,,
OGLE-LMC-SC9-230659,772.638,16.63,G6_III,3.598 ± 0.038,32.83 ± 0.22,1.962 ± 0.005,3.699 ± 0.006,2.783 ± 0.025,-0.24,,,1.09,G6_III,3.429 ± 0.030,23.40 ± 0.31,2.235 ± 0.011,3.702 ± 0.009,2.500 ± 0.036,± 0.11,
OGLE-LMC-ECL26122,771.781,16.63,none,3.593 ± 0.055,32.71 ± 0.51,1.964 ± 0.014,3.698 ± 0.007,,-0.15,,,0.82,none,3.411 ± 0.047,22.99 ± 0.48,2.248 ± 0.018,3.699 ± 0.007,,± +0.10,
OGLE-LMC-ECL-01866,251.247,16.13,G3_III,3.560 ± 0.020,26.79 ± 0.52,2.134 ± 0.017,3.724 ± 0.007,2.708 ± 0.032,-0.49,,,1.17,K1.5_III,3.550 ± 0.031,47.11 ± 0.50,1.642 ± 0.009,3.653 ± 0.006,2.912 ± 0.025,± 0.17,
IQ Per,1.744,7.73,B8_V,3.521 ± 0.067,2.446 ± 0.026,4.208 ± 0.019,4.090 ± 0.008,2.09 ± 0.03,,,,-0.11,A6_V,1.737 ± 0.031,1.503 ± 0.017,4.323 ± 0.013,3.885 ± 0.008,0.85 ± 0.04,,
OGLE SMC113.3 4007,371.768,15.81,G8_III,3.504 ± 0.028,45.8 ± 0.7,1.660 ± 0.017,3.681 ± 0.009,3.000 ± 0.033,-0.5,,,0.88,G8_III,3.561 ± 0.025,48.4 ± 0.7,1.620 ± 0.016,3.682 ± 0.009,3.053 ± 0.030,± 0.00,
OGLE-LMC-ECL-10567,117.975,16.43,G6_III,3.333 ± 0.029,24.60 ± 0.29,2.179 ± 0.010,3.705 ± 0.009,2.555 ± 0.036,-0.7,,,1.09,G9_III,3.184 ± 0.026,36.64 ± 0.25,1.813 ± 0.006,3.673 ± 0.007,2.777 ± 0.028,± 0.10,
OGLE-LMC-ECL-09114,214.366,16.71,G4_III,3.304 ± 0.023,26.33 ± 0.34,2.116 ± 0.011,3.719 ± 0.005,2.669 ± 0.023,-0.38,,,1.03,G2_III,3.205 ± 0.025,18.79 ± 0.37,2.396 ± 0.017,3.734 ± 0.009,2.439 ± 0.040,± 0.12,
V906 Sco,2.786,5.96,B9_V,3.253 ± 0.069,3.515 ± 0.039,3.858 ± 0.013,4.029 ± 0.020,2.162 ± 0.082,,,,-0.01,B9_V,3.378 ± 0.071,4.521 ± 0.035,3.656 ± 0.012,4.017 ± 0.021,2.330 ± 0.084,,
ψ Cen,38.813,4.05,A0_IV,3.187 ± 0.031,3.814 ± 0.007,3.779 ± 0.003,4.019 ± 0.012,2.147 ± 0.050,,,,0.03,none,1.961 ± 0.015,1.896 ± 0.004,4.175 ± 0.004,3.944 ± 0.015,1.244 ± 0.059,,
α Dra,51.417,3.68,A0_III,3.186 ± 0.044,4.932 ± 0.036,3.555 ± 0.006,4.010 ± 0.004,2.380 ± 0.018,0.01,,,0.04,none,2.431 ± 0.019,2.326 ± 0.052,4.090 ± 0.019,3.997 ± 0.014,1.667 ± 0.059,± 0.05,
V414 Pup,4.749,8.81,ApSi,3.155 ± 0.059,2.781 ± 0.034,4.049 ± 0.011,4.114 ± 0.010,,,,,-0.05,Am,1.751 ± 0.039,1.390 ± 0.042,4.395 ± 0.021,3.954 ± 0.007,,,
OGLE-LMC-ECL-21873,144.188,16.79,G4_III,2.984 ± 0.021,20.26 ± 0.22,2.300 ± 0.009,3.721 ± 0.006,2.453 ± 0.026,-0.28,,,1.06,G6_III,3.093 ± 0.024,24.67 ± 0.24,2.144 ± 0.008,3.704 ± 0.007,2.554 ± 0.029,± 0.12,
OGLE-LMC-ECL-09660,167.796,16.27,G3_III,2.981 ± 0.013,23.66 ± 0.21,2.165 ± 0.008,3.720 ± 0.005,2.583 ± 0.023,-0.46,,,1.19,K0_III,2.997 ± 0.012,44.40 ± 0.26,1.620 ± 0.005,3.671 ± 0.009,2.932 ± 0.036,± 0.10,
OGLE-LMC-ECL-18836,182.553,17.43,G5_III,2.858 ± 0.031,15.95 ± 0.25,2.489 ± 0.013,3.712 ± 0.008,2.210 ± 0.038,-0.4,,,1.29,K1_III,2.784 ± 0.036,30.87 ± 0.33,1.904 ± 0.009,3.663 ± 0.008,2.587 ± 0.032,± 0.10,
OGLE-LMC-ECL-13529,49.467,17.36,G4_III,2.857 ± 0.016,17.03 ± 0.21,2.432 ± 0.011,3.724 ± 0.006,2.312 ± 0.028,-0.18,,,1.01,G4_III,2.810 ± 0.016,15.98 ± 0.22,2.480 ± 0.012,3.721 ± 0.007,2.246 ± 0.032,± 0.14,
V348 And,27.703,6.6,B9_V,2.81 ± 0.04,2.42 ± 0.03,4.12 ± 0.02,4.02 ± 0.02,,,,,0.11,none,2.69 ± 0.04,2.34 ± 0.03,4.13 ± 0.02,4.02 ± 0.02,,,
V402 Lac,3.782,6.73,B8_V,2.80 ± 0.05,2.38 ± 0.03,4.132 ± 0.013,4.054 ± 0.010,1.93 ± 0.04,,,,-0.04,B8_V,2.78 ± 0.05,2.36 ± 0.03,4.136 ± 0.014,4.052 ± 0.009,1.91 ± 0.04,,
V451 Oph,2.197,7.87,B9_V,2.776 ± 0.063,2.640 ± 0.031,4.038 ± 0.015,4.033 ± 0.032,1.93 ± 0.13,,,,-0.08,A0_V,2.356 ± 0.052,2.028 ± 0.028,4.196 ± 0.015,3.991 ± 0.022,1.53 ± 0.09,,
PV Cas,1.75,9.74,B9.5_V,2.76 ± 0.06,2.256 ± 0.016,4.17 ± 0.02,4.008 ± 0.010,1.69 ± 0.04,,,,0.17,B9.5_V,2.81 ± 0.05,2.297 ± 0.021,4.17 ± 0.02,4.008 ± 0.010,1.71 ± 0.04,,
OGLE-LMC-ECL-24887,94.844,17.68,G5_III,2.747 ± 0.047,16.43 ± 0.26,2.446 ± 0.014,3.710 ± 0.007,2.225 ± 0.031,-0.22,,,1.16,G6_III,2.976 ± 0.045,17.83 ± 0.30,2.409 ± 0.014,3.705 ± 0.007,2.276 ± 0.032,± 0.12,
OGLE-SMC-ECL-1421,102.834,17.18,G2_III,2.72 ± 0.02,17.7 ± 0.3,2.37 ± 0.01,3.732 ± 0.008,2.380 ± 0.034,-1.05,,,0.77,G6_III,2.85 ± 0.02,23.8 ± 0.2,2.14 ± 0.01,3.701 ± 0.008,2.512 ± 0.033,± 0.11,
OGLE-LMC-ECL-05430,505.183,16.61,G9_III,2.717 ± 0.017,28.99 ± 0.36,1.948 ± 0.011,3.673 ± 0.006,2.572 ± 0.028,-0.37,,,1.2,G9_III,3.374 ± 0.018,34.64 ± 0.28,1.887 ± 0.007,3.678 ± 0.006,2.744 ± 0.025,± 0.10,
OGLE-SMC-ECL-0727,316.572,18.11,G3_III,2.68 ± 0.04,14.6 ± 0.2,2.53 ± 0.01,3.724 ± 0.008,2.182 ± 0.034,-0.89,,,1.04,G8_III,2.57 ± 0.04,20.4 ± 0.3,2.23 ± 0.01,3.684 ± 0.008,2.310 ± 0.034,± 0.08,
HD 96609,8.192,8.61,B9,2.66 ± 0.02,2.740 ± 0.006,3.987 ± 0.001,3.985 ± 0.011,1.76 ± 0.04,0.02,,,0.02,none,1.84 ± 0.01,1.697 ± 0.005,4.243 ± 0.002,3.952 ± 0.012,1.22 ± 0.04,± 0.06,
V4089 Sgr,4.627,6,A2_IV,2.584 ± 0.012,3.964 ± 0.020,3.654 ± 0.005,3.926 ± 0.005,,,,,0.09,A3_V,1.607 ± 0.008,1.605 ± 0.007,4.233 ± 0.004,3.867 ± 0.006,,,
OGLE-SMC-ECL-1859,75.544,17.69,G0_III,2.58 ± 0.03,16.2 ± 0.3,2.43 ± 0.02,3.744 ± 0.008,2.350 ± 0.035,-0.21,,,0.92,G7_III,2.48 ± 0.02,18.7 ± 0.3,2.29 ± 0.01,3.695 ± 0.009,2.276 ± 0.037,± 0.22,
OGLE-SMC-ECL-2876,120.867,17.49,G0_III,2.56 ± 0.04,16.5 ± 0.4,2.41 ± 0.02,3.745 ± 0.008,2.371 ± 0.037,-0.43,,,0.5,G4_III,2.51 ± 0.03,17.3 ± 0.4,2.36 ± 0.02,3.712 ± 0.008,2.279 ± 0.034,± 0.08,
AR Aur,4.135,6.17,B9_V,2.544 ± 0.009,1.799 ± 0.013,4.333 ± 0.008,4.039 ± 0.012,1.61 ± 0.05,,,,0.04,B9_V,2.358 ± 0.008,1.834 ± 0.019,4.284 ± 0.010,4.015 ± 0.013,1.53 ± 0.05,,
WX Cep,3.378,9.03,A2_V,2.539 ± 0.050,3.994 ± 0.030,3.640 ± 0.011,3.911 ± 0.012,1.80 ± 0.05,,,,0.11,A5_V,2.329 ± 0.045,2.711 ± 0.023,3.939 ± 0.011,3.949 ± 0.012,1.62 ± 0.05,,
TZ Men,8.57,6.19,A0_V,2.487 ± 0.025,2.016 ± 0.020,4.225 ± 0.011,4.017 ± 0.017,1.63 ± 0.07,,,,-0.06,A8_V,1.504 ± 0.010,1.432 ± 0.015,4.303 ± 0.009,3.857 ± 0.018,0.69 ± 0.07,,
V1031 Ori,3.406,6.02,A3_V,2.473 ± 0.018,4.321 ± 0.034,3.560 ± 0.008,3.895 ± 0.028,1.80 ± 0.11,,,,0.18,A6_V,2.286 ± 0.016,2.977 ± 0.064,3.850 ± 0.019,3.924 ± 0.026,1.60 ± 0.11,,
OGLE-SMC-ECL-2761,150.364,17.3,F9_III,2.44 ± 0.04,17.3 ± 0.3,2.35 ± 0.01,3.751 ± 0.009,2.431 ± 0.040,-0.73,,,0.82,G0_III,2.38 ± 0.03,17.5 ± 0.4,2.33 ± 0.02,3.747 ± 0.009,2.428 ± 0.042,± 0.09,
OGLE-LMC-ECL-09678,114.45,17.22,G4_III,2.400 ± 0.029,13.77 ± 0.16,2.540 ± 0.010,3.719 ± 0.007,2.107 ± 0.027,-0.38,,,1.2,G9_III,2.549 ± 0.031,30.60 ± 0.28,1.873 ± 0.008,3.673 ± 0.008,2.616 ± 0.035,± 0.16,
V396 Cas,5.505,9.56,A1_V,2.398 ± 0.022,2.592 ± 0.013,3.990 ± 0.004,3.965 ± 0.007,1.642 ± 0.028,,,,0.06,A3_V,1.901 ± 0.016,1.779 ± 0.010,4.216 ± 0.005,3.932 ± 0.006,1.183 ± 0.024,,
β Aur,3.96,1.89,A1_Vm,2.376 ± 0.027,2.762 ± 0.017,3.932 ± 0.005,3.971 ± 0.009,1.721 ± 0.038,,,,0.04,A1_Vm,2.291 ± 0.027,2.568 ± 0.017,3.979 ± 0.005,3.964 ± 0.009,1.630 ± 0.038,,
OGLE-SMC-ECL-3529,234.326,17.12,F8_III,2.36 ± 0.03,12.6 ± 0.4,2.61 ± 0.03,3.766 ± 0.007,2.220 ± 0.042,-0.93,,,0.8,G3_III,2.48 ± 0.05,21.1 ± 0.3,2.18 ± 0.01,3.723 ± 0.015,2.498 ± 0.061,± 0.10,
GG Ori,6.631,10.43,A2_V,2.342 ± 0.016,1.852 ± 0.025,4.272 ± 0.012,3.998 ± 0.009,1.480 ± 0.037,,,,0.49,A2_V,2.338 ± 0.017,1.830 ± 0.025,4.282 ± 0.012,3.998 ± 0.009,1.470 ± 0.037,,
V541 Cyg,15.338,10.44,B9.5_V,2.335 ± 0.015,1.859 ± 0.011,4.2675 ± 0.0051,4.027 ± 0.008,1.601 ± 0.033,,,,-0.06,B9.5_V,2.260 ± 0.015,1.808 ± 0.014,4.2770 ± 0.0064,4.015 ± 0.008,1.528 ± 0.035,,
V364 Lac,7.352,8.36,A7_m,2.333 ± 0.015,3.307 ± 0.038,3.767 ± 0.010,3.917 ± 0.008,1.657 ± 0.033,,,,0.18,A7_m,2.296 ± 0.025,2.985 ± 0.035,3.849 ± 0.011,3.929 ± 0.008,1.620 ± 0.032,,
SZ Cen,4.108,8.48,A7_V,2.317 ± 0.026,4.554 ± 0.032,3.486 ± 0.008,3.875 ± 0.017,1.77 ± 0.07,,,,0.22,A7_V,2.277 ± 0.021,3.624 ± 0.026,3.677 ± 0.007,3.892 ± 0.017,1.64 ± 0.07,,
V624 Her,3.895,6.2,A3_Vm,2.282 ± 0.015,3.030 ± 0.034,3.834 ± 0.010,3.911 ± 0.008,1.56 ± 0.03,,,,0.14,A7_V,1.881 ± 0.013,2.209 ± 0.034,4.024 ± 0.014,3.900 ± 0.008,1.24 ± 0.04,,
OGLE-SMC-ECL-0439,279.266,18.06,G2_III,2.27 ± 0.03,14.5 ± 0.5,2.47 ± 0.03,3.720 ± 0.008,2.158 ± 0.042,-1.25,,,0.9,G2_III,2.29 ± 0.03,15.4 ± 0.5,2.42 ± 0.03,3.721 ± 0.008,2.215 ± 0.043,± 0.08,
YZ Cas,4.467,5.64,A1_Vm,2.263 ± 0.012,2.525 ± 0.011,3.988 ± 0.004,3.979 ± 0.005,1.672 ± 0.022,0.1,,,0.03,F2_V,1.325 ± 0.007,1.331 ± 0.006,4.311 ± 0.004,3.838 ± 0.015,0.552 ± 0.061,± 0.06,
CoRoT 105906206,3.695,11.78,none,2.25 ± 0.04,4.24 ± 0.02,3.53 ± 0.01,3.829 ± 0.010,1.53 ± 0.04,0,,,0.7,none,1.29 ± 0.03,1.34 ± 0.01,4.30 ± 0.02,3.789 ± 0.011,0.36 ± 0.05,± 0.1,
SW CMa,10.092,9.72,A4_m,2.239 ± 0.014,3.014 ± 0.020,3.8298 ± 0.0065,3.914 ± 0.008,1.566 ± 0.032,0.55,,,0.13,A5_m,2.104 ± 0.018,2.495 ± 0.042,3.967 ± 0.015,3.908 ± 0.008,1.380 ± 0.035,± 0.15,
OGLE-LMC-ECL-25658,192.789,17,G8_III,2.231 ± 0.024,21.40 ± 0.15,2.126 ± 0.006,3.685 ± 0.006,2.354 ± 0.027,-0.48,,,1.17,G9_III,2.230 ± 0.023,27.61 ± 0.19,1.904 ± 0.006,3.674 ± 0.007,2.533 ± 0.028,± 0.13,
V1229 Tau,2.46,6.84,A0_V,2.221 ± 0.027,1.843 ± 0.037,4.253 ± 0.019,4.001 ± 0.026,1.487 ± 0.010,0.06,,,0.08,A_Vm,1.586 ± 0.042,1.565 ± 0.015,4.231 ± 0.024,3.861 ± 0.022,0.885 ± 0.080,± 0.05,
GZ CMa,4.801,7.98,A3_Vm,2.206 ± 0.019,2.492 ± 0.032,3.989 ± 0.012,3.945 ± 0.017,1.53 ± 0.07,,,,0.06,A4:_V,2.005 ± 0.018,2.131 ± 0.037,4.083 ± 0.016,3.931 ± 0.017,1.33 ± 0.07,,
PT Vel,1.802,7.03,A0_V,2.198 ± 0.016,2.094 ± 0.020,4.138 ± 0.008,3.966 ± 0.007,1.461 ± 0.038,,,,0.05,A8_V,1.626 ± 0.009,1.559 ± 0.020,4.263 ± 0.011,3.883 ± 0.010,0.875 ± 0.025,,
V1647 Sgr,3.283,6.94,A1_V,2.189 ± 0.037,1.831 ± 0.018,4.253 ± 0.012,3.982 ± 0.014,1.41 ± 0.05,,,,-0.01,A1_V,1.972 ± 0.033,1.666 ± 0.017,4.289 ± 0.012,3.959 ± 0.014,1.23 ± 0.06,,
KIC 9246715,171.277,9.58,none,2.1869 ± 0.0033,8.49 ± 0.12,2.920 ± 0.013,3.689 ± 0.004,1.567 ± 0.022,0.01,,,1.05,none,2.1598 ± 0.0032,8.20 ± 0.09,2.945 ± 0.009,3.691 ± 0.005,1.543 ± 0.022,± 0.03,
FT Ori,3.15,9.26,A0_Vm,2.182 ± 0.022,1.860 ± 0.013,4.237 ± 0.006,3.982 ± 0.018,1.486 ± 0.023,,,,0.1,A2_Vm,1.783 ± 0.020,1.616 ± 0.013,4.272 ± 0.007,3.935 ± 0.015,1.179 ± 0.025,,
V889 Aql,11.121,8.58,B9.5_V,2.17 ± 0.02,1.87 ± 0.04,4.23 ± 0.02,3.964 ± 0.005,1.354 ± 0.027,,,,0.19,B9.5_V,2.13 ± 0.02,1.85 ± 0.04,4.23 ± 0.02,3.958 ± 0.005,1.320 ± 0.029,,
EE Peg,2.628,6.97,A3_m,2.151 ± 0.024,2.090 ± 0.025,4.131 ± 0.010,3.940 ± 0.010,1.352 ± 0.041,,,,0.08,F5_V,1.332 ± 0.011,1.312 ± 0.013,4.327 ± 0.008,3.810 ± 0.020,0.427 ± 0.082,,
V335 Ser,3.45,7.49,A1_V,2.147 ± 0.014,2.03 ± 0.03,4.155 ± 0.011,3.955 ± 0.007,1.39 ± 0.03,,,,0.14,A3_V,1.906 ± 0.008,1.73 ± 0.04,4.241 ± 0.017,3.930 ± 0.008,1.15 ± 0.04,,
V596 Pup,4.596,6.58,A1_V,2.101 ± 0.022,2.167 ± 0.020,4.089 ± 0.009,3.978 ± 0.009,1.54 ± 0.04,,,,0,A1_V,2.099 ± 0.019,2.167 ± 0.020,4.088 ± 0.009,3.978 ± 0.009,1.54 ± 0.04,,
TZ For,75.666,6.88,G8_III,2.057 ± 0.001,8.34 ± 0.11,2.915 ± 0.023,3.693 ± 0.003,1.57 ± 0.02,0.02,,,0.97,F7_III,1.958 ± 0.001,3.97 ± 0.08,3.539 ± 0.037,3.803 ± 0.005,1.36 ± 0.03,± 0.05,
TV Nor,8.524,9,none,2.053 ± 0.022,1.839 ± 0.012,4.221 ± 0.010,3.960 ± 0.007,1.325 ± 0.034,,,,0.3,none,1.665 ± 0.018,1.550 ± 0.014,4.278 ± 0.012,3.892 ± 0.006,0.902 ± 0.035,,
OGLE-BLG-ECL-123903,118.531,16.9,K2_III,2.045 ± 0.027,9.540 ± 0.049,2.790 ± 0.011,3.679 ± 0.012,1.633 ± 0.071,0.24,,,0.99,K2_III,2.074 ± 0.023,9.052 ± 0.060,2.841 ± 0.012,3.680 ± 0.016,1.591 ± 0.067,± 0.18,
EK Cep,4.428,7.87,A2_V,2.029 ± 0.023,1.579 ± 0.007,4.349 ± 0.010,3.954 ± 0.010,1.17 ± 0.04,0.07,,,0.04,G5_Vp,1.124 ± 0.012,1.315 ± 0.006,4.251 ± 0.006,3.756 ± 0.015,0.21 ± 0.06,± 0.05,
V459 Cas,8.458,10.37,A1_m,2.02 ± 0.03,2.009 ± 0.013,4.136 ± 0.006,3.961 ± 0.014,1.41 ± 0.05,,,,0.2,A1_m,1.96 ± 0.03,1.965 ± 0.013,4.144 ± 0.006,3.959 ± 0.014,1.38 ± 0.06,,
V885 Cyg,1.695,10.03,A3_m,2.005 ± 0.029,2.345 ± 0.012,4.000 ± 0.007,3.923 ± 0.008,1.38 ± 0.03,,,,0.15,A4_m,2.234 ± 0.026,3.385 ± 0.026,3.728 ± 0.008,3.911 ± 0.008,1.66 ± 0.03,,
VV Crv,3.145,5.27,F5_IV,1.978 ± 0.010,3.375 ± 0.010,3.678 ± 0.006,3.813 ± 0.013,1.261 ± 0.054,,,,0.42,F5_V,1.513 ± 0.008,1.650 ± 0.008,4.183 ± 0.009,3.822 ± 0.013,0.676 ± 0.054,,
KW Hya,7.75,6.11,A5_Vm,1.975 ± 0.028,2.124 ± 0.015,4.079 ± 0.013,3.903 ± 0.011,1.221 ± 0.044,,,,0.17,F0_V,1.487 ± 0.013,1.439 ± 0.022,4.270 ± 0.010,3.843 ± 0.013,0.640 ± 0.054,,
AI Hya,8.29,9.36,F2_m,1.97 ± 0.03,2.81 ± 0.02,3.84 ± 0.01,3.863 ± 0.011,1.30 ± 0.04,,,,0.36,F0_V,2.14 ± 0.03,3.96 ± 0.04,3.57 ± 0.01,3.837 ± 0.013,1.49 ± 0.06,,
V2365 Oph,4.866,8.859,A1_V,1.965 ± 0.017,2.190 ± 0.009,4.051 ± 0.003,3.978 ± 0.009,1.544 ± 0.050,,,,0.257,none,1.056 ± 0.010,0.934 ± 0.004,4.521 ± 0.004,3.806 ± 0.014,0.121 ± 0.010,,
WW Aur,2.525,5.87,A4_Vm,1.964 ± 0.007,1.927 ± 0.011,4.162 ± 0.007,3.901 ± 0.024,1.129 ± 0.092,,,,0.14,A5_Vm,1.814 ± 0.007,1.841 ± 0.011,4.167 ± 0.007,3.885 ± 0.024,1.023 ± 0.093,,
RR Lyn,9.945,5.54,A6_IVm,1.9394 ± 0.0065,2.564 ± 0.019,3.9078 ± 0.0063,3.890 ± 0.012,1.334 ± 0.035,,,,0.22,F0_Vm:,1.5100 ± 0.0033,1.613 ± 0.013,4.2017 ± 0.0071,3.856 ± 0.012,0.795 ± 0.049,,
WW Cam,2.274,10.14,A4_Vm,1.920 ± 0.013,1.911 ± 0.016,4.159 ± 0.008,3.922 ± 0.007,1.20 ± 0.03,,,,0.47,A4_Vm,1.873 ± 0.018,1.808 ± 0.014,4.196 ± 0.009,3.916 ± 0.007,1.13 ± 0.03,,
AY Cam,2.735,9.9,none,1.901 ± 0.040,2.771 ± 0.020,3.832 ± 0.015,3.860 ± 0.015,1.280 ± 0.006,,,,0.36,none,1.705 ± 0.036,2.025 ± 0.015,4.057 ± 0.016,3.869 ± 0.020,1.042 ± 0.006,,
V392 Car,3.175,9.48,A2_V,1.900 ± 0.024,1.625 ± 0.030,4.286 ± 0.017,3.947 ± 0.010,,,,,0.21,A2_V,1.853 ± 0.024,1.601 ± 0.031,4.310 ± 0.024,3.937 ± 0.010,,,
KIC 3858884,25.952,9.45,none,1.88 ± 0.03,3.45 ± 0.01,3.63 ± 0.01,3.833 ± 0.004,,,,,0.61,none,1.86 ± 0.04,3.05 ± 0.01,3.74 ± 0.01,3.820 ± 0.005,,,
V456 Cyg,0.892,10.85,A2m,1.859 ± 0.041,1.588 ± 0.015,4.306 ± 0.006,3.889 ± 0.006,,,,,0.31,F3_V,1.576 ± 0.037,1.507 ± 0.016,4.279 ± 0.008,3.860 ± 0.007,,,
RS Cha,1.67,6.03,A8_V,1.858 ± 0.016,2.137 ± 0.055,4.047 ± 0.023,3.906 ± 0.010,1.24 ± 0.05,0.17,,,0.2,A8_V,1.821 ± 0.018,2.338 ± 0.055,3.961 ± 0.021,3.886 ± 0.010,1.24 ± 0.05,± 0.07,
OGLE SMC130.5 4296,120.468,16.78,G7_III,1.854 ± 0.025,25.44 ± 0.25,1.895 ± 0.014,3.691 ± 0.007,2.529 ± 0.036,-0.88,,,1.1,K1_III,1.805 ± 0.027,46.00 ± 0.35,1.369 ± 0.013,3.655 ± 0.007,2.898 ± 0.036,± 0.15,
OGLE-LMC-ECL-12669,749.632,17.21,K0.5_III,1.843 ± 0.029,24.17 ± 0.34,1.937 ± 0.012,3.666 ± 0.008,2.384 ± 0.034,-0.3,,,1.2,G9_III,1.962 ± 0.030,23.36 ± 0.30,1.994 ± 0.011,3.673 ± 0.009,2.386 ± 0.038,± 0.14,
HY Vir,2.732,7.81,F0m,1.838 ± 0.009,2.806 ± 0.008,3.806 ± 0.003,3.836 ± 0.008,1.20 ± 0.04,,,,0.42,F5_V,1.404 ± 0.006,1.519 ± 0.008,4.222 ± 0.004,3.816 ± 0.008,0.58 ± 0.04,,
OGLE-LMC-ECL-12875,152.85,17.32,G8_III,1.831 ± 0.020,15.62 ± 0.13,2.313 ± 0.007,3.685 ± 0.009,2.083 ± 0.036,-0.48,,,1.39,K2.5_III,1.858 ± 0.023,40.82 ± 0.32,1.486 ± 0.006,3.642 ± 0.011,2.744 ± 0.044,± 0.15,
MY Cyg,4.005,8.31,F0_Vm,1.82 ± 0.03,2.22 ± 0.02,4.01 ± 0.01,3.851 ± 0.012,1.05 ± 0.04,,,,0.3,F0_Vm,1.80 ± 0.03,2.28 ± 0.02,3.98 ± 0.01,3.847 ± 0.012,1.06 ± 0.05,,
OGLE-LMC-ECL-03160,150.154,17.13,G7_III,1.792 ± 0.016,17.03 ± 0.28,2.229 ± 0.014,3.693 ± 0.009,2.188 ± 0.040,-0.68,,,1.31,K2_III,1.802 ± 0.018,37.42 ± 0.24,1.548 ± 0.005,3.648 ± 0.007,2.695 ± 0.028,± 0.18,
IM Per,2.254,11.28,A8_V,1.7831 ± 0.0094,2.409 ± 0.018,3.9258 ± 0.0067,3.880 ± 0.009,1.235 ± 0.035,,,,0.7,A8_V,1.7741 ± 0.0097,2.366 ± 0.017,3.9394 ± 0.0068,3.879 ± 0.009,1.217 ± 0.036,,
XY Cet,2.781,8.8,A8_Vm,1.773 ± 0.016,1.873 ± 0.035,4.142 ± 0.016,3.896 ± 0.006,1.082 ± 0.030,,,,0.29,F0_Vm,1.615 ± 0.014,1.773 ± 0.029,4.149 ± 0.014,3.882 ± 0.007,0.978 ± 0.032,,
EI Cep,8.439,7.61,F3_IV,1.772 ± 0.007,2.896 ± 0.048,3.763 ± 0.014,3.829 ± 0.007,1.193 ± 0.030,,,,0.33,F1_V,1.680 ± 0.006,2.329 ± 0.044,3.929 ± 0.016,3.842 ± 0.006,1.055 ± 0.030,,
V572 Per,1.213,6.71,A0_V,1.76 ± 0.03,1.68 ± 0.03,4.23 ± 0.02,3.90 ± 0.03,,,,,0.08,none,1.39 ± 0.03,1.29 ± 0.04,4.36 ± 0.03,3.82 ± 0.04,,,
KIC 10031808,8.59,9.56,none,1.741 ± 0.009,2.590 ± 0.020,3.852 ± 0.006,3.852 ± 0.007,1.185 ± 0.027,-0.11,,,0.45,none,1.798 ± 0.013,3.027 ± 0.014,3.731 ± 0.004,3.835 ± 0.007,1.254 ± 0.027,± 0.08,
OGLE-SMC-ECL-0019,143.393,17.92,G4_III,1.73 ± 0.03,16.8 ± 0.4,2.23 ± 0.02,3.716 ± 0.008,2.270 ± 0.040,-0.56,,,0.99,G5_III,1.69 ± 0.03,18.8 ± 0.6,2.12 ± 0.03,3.708 ± 0.009,2.334 ± 0.044,± 0.08,
HW CMa,21.118,10,A7_Vm,1.721 ± 0.011,1.643 ± 0.018,4.242 ± 0.010,3.879 ± 0.009,0.898 ± 0.036,0.33,,,0.19,A7_Vm,1.781 ± 0.012,1.662 ± 0.021,4.247 ± 0.011,3.886 ± 0.008,0.940 ± 0.035,± 0.15,
ASAS J060505+2032.1,2.121,11.93,none,1.716 ± 0.022,2.048 ± 0.010,4.050 ± 0.003,3.870 ± 0.025,,-0.12,,,0.58,none,1.697 ± 0.028,2.008 ± 0.011,4.062 ± 0.004,3.870 ± 0.022,,± 0.31,
KIC 2557430,1.298,11.63,F2_V,1.69 ± 0.03,1.88 ± 0.02,4.116 ± 0.009,3.848 ± 0.011,0.899 ± 0.038,-0.02,,,0.58,F9_V,1.35 ± 0.02,1.23 ± 0.03,4.386 ± 0.019,3.782 ± 0.050,0.249 ± 0.075,± 0.11,
OGLE SMC126.1 210,634.999,16.77,K2_III,1.674 ± 0.037,43.52 ± 1.02,1.385 ± 0.029,3.651 ± 0.007,2.836 ± 0.047,-0.87,,,1.2,K1_III,1.669 ± 0.039,39.00 ± 0.98,1.479 ± 0.031,3.654 ± 0.007,2.752 ± 0.049,± 0.15,
KIC 9850387,2.748,13.67,F1_V,1.66 ± 0.01,2.154 ± 0.003,3.992 ± 0.003,3.865 ± 0.005,,-0.2,,,0.48,none,1.062 ± 0.004,1.081 ± 0.003,4.396 ± 0.003,3.790 ± 0.005,,± 0.05,
CoRoT 102918586,4.391,12.45,none,1.66 ± 0.02,1.64 ± 0.01,4.23 ± 0.01,3.868 ± 0.005,,0.11,,,0.42,none,1.49 ± 0.03,1.48 ± 0.01,4.27 ± 0.01,3.851 ± 0.007,,± 0.05,
DS And,1.011,10.44,F1_III,1.655 ± 0.030,2.086 ± 0.013,4.018 ± 0.013,3.849 ± 0.009,0.981 ± 0.010,-0.03,,,0.39,G2_V,1.087 ± 0.040,1.255 ± 0.013,4.277 ± 0.025,3.776 ± 0.010,0.248 ± 0.016,± 0.02,
V501 Mon,7.021,12.32,A6m,1.6455 ± 0.0043,1.888 ± 0.029,4.103 ± 0.013,3.876 ± 0.006,1.007 ± 0.027,0.01,,,0.57,F0,1.4588 ± 0.0025,1.592 ± 0.028,4.199 ± 0.016,3.845 ± 0.006,0.743 ± 0.043,± 0.06,
FS Mon,1.906,9.6,F2_V,1.632 ± 0.012,2.051 ± 0.012,4.026 ± 0.005,3.827 ± 0.006,0.888 ± 0.026,,,,0.9,F4_V,1.462 ± 0.010,1.629 ± 0.012,4.179 ± 0.006,3.816 ± 0.007,0.644 ± 0.026,,
V1022 Cas,12.156,5.56,F6_V,1.6263 ± 0.0011,2.591 ± 0.026,3.822 ± 0.009,3.810 ± 0.008,1.020 ± 0.034,,,,0.47,F6_V,1.8086 ± 0.0012,2.472 ± 0.027,3.858 ± 0.009,3.819 ± 0.007,1.016 ± 0.030,,
KIC 9777062,19.23,12.26,Am,1.603 ± 0.017,1.744 ± 0.004,4.160 ± 0.003,3.886 ± 0.008,,-0.03,,,0.37,none,1.419 ± 0.009,1.544 ± 0.003,4.213 ± 0.002,3.854 ± 0.006,,± 0.13,
IO Aqr,2.368,8.86,F5_V-IV,1.569 ± 0.004,2.191 ± 0.015,3.952 ± 0.006,3.811 ± 0.009,0.880 ± 0.032,,,,0.48,F6_V-IV,1.655 ± 0.004,2.493 ± 0.017,3.863 ± 0.006,3.802 ± 0.009,0.954 ± 0.031,,
PV Pup,1.661,6.89,A8_V,1.565 ± 0.011,1.542 ± 0.018,4.257 ± 0.010,3.840 ± 0.019,0.69 ± 0.08,,,,0.32,A8_V,1.554 ± 0.013,1.499 ± 0.018,4.278 ± 0.011,3.841 ± 0.019,0.67 ± 0.08,,
V442 Cyg,2.386,9.72,F1_V,1.564 ± 0.024,2.072 ± 0.034,3.999 ± 0.016,3.839 ± 0.006,0.94 ± 0.03,,,,0.32,F2_V,1.410 ± 0.023,1.662 ± 0.033,4.146 ± 0.019,3.833 ± 0.006,0.72 ± 0.03,,
BT Vul,1.141,11.69,F0_V,1.5439 ± 0.0098,1.536 ± 0.018,4.254 ± 0.011,3.862 ± 0.009,0.772 ± 0.038,,,,0.31,F7_V,1.2196 ± 0.0080,1.151 ± 0.029,4.403 ± 0.022,3.797 ± 0.012,0.260 ± 0.055,,
KIC 11285625,10.79,10.16,early_F,1.543 ± 0.013,2.123 ± 0.010,3.973 ± 0.006,3.843 ± 0.006,,-0.58,,,0.39,early_F,1.200 ± 0.016,1.472 ± 0.014,4.18 ± 0.01,3.857 ± 0.012,,± 0.15,
HIP 7666,2.372,9.64,A5,1.53 ± 0.03,2.08 ± 0.02,3.98 ± 0.02,3.851 ± 0.006,0.99 ± 0.03,-0.13,,,0.4,none,1.23 ± 0.03,1.06 ± 0.02,4.47 ± 0.02,3.780 ± 0.005,0.13 ± 0.04,± 0.05,
EY Cep,7.971,9.8,F0_V,1.523 ± 0.008,1.463 ± 0.008,4.290 ± 0.006,3.851 ± 0.010,0.69 ± 0.04,,,,0.27,F0_V,1.498 ± 0.014,1.468 ± 0.010,4.280 ± 0.006,3.843 ± 0.010,0.66 ± 0.04,,
RZ Cha,2.832,8.1,F5_V,1.518 ± 0.021,2.264 ± 0.017,3.909 ± 0.009,3.810 ± 0.010,0.90 ± 0.04,,,,0.47,F5_V,1.509 ± 0.027,2.264 ± 0.017,3.907 ± 0.010,3.810 ± 0.010,0.90 ± 0.04,,
OGLE-LMC-ECL-12933,125.395,17.38,G7_III,1.516 ± 0.019,17.32 ± 0.22,2.142 ± 0.011,3.690 ± 0.018,2.193 ± 0.073,-0.38,,,1.37,K2_III,1.514 ± 0.017,36.41 ± 0.31,1.496 ± 0.007,3.650 ± 0.015,2.679 ± 0.059,± 0.13,
KIC 5640750,987.398,11.88,none,1.515 ± 0.033,14.06 ± 0.12,2.323 ± 0.007,3.656 ± 0.007,1.871 ± 0.029,-0.29,,,1.24,none,1.292 ± 0.017,1.853 ± 0.023,4.014 ± 0.010,3.767 ± 0.015,0.555 ± 0.060,± 0.09,
HD 71636,5.013,7.89,F2_V,1.513 ± 0.009,1.571 ± 0.009,4.23 ± 0.01,3.842 ± 0.008,0.713 ± 0.036,,,,0.38,F5_V,1.285 ± 0.007,1.361 ± 0.008,4.28 ± 0.01,3.809 ± 0.009,0.457 ± 0.038,,
KIC 6778289,30.13,13.09,none,1.512 ± 0.022,1.748 ± 0.009,4.133 ± 0.008,3.834 ± 0.010,,,,,0.45,none,1.092 ± 0.019,0.998 ± 0.005,4.479 ± 0.010,3.861 ± 0.026,,,
EPIC 219552514,2.754,10.34,none,1.509 ± 0.059,2.505 ± 0.029,3.822 ± 0.009,3.791 ± 0.007,0.913 ± 0.030,+0.07,,,0.5,none,0.649 ± 0.015,0.652 ± 0.013,4.624 ± 0.012,3.603 ± 0.018,-1.018 ± 0.075,± 0.03,
HD 187669,88.387,8.88,K0_III,1.504 ± 0.003,11.33 ± 0.28,2.507 ± 0.020,3.667 ± 0.007,1.732 ± 0.031,-0.25,,,1.24,K2.5_III,1.505 ± 0.004,22.62 ± 0.50,1.907 ± 0.019,3.636 ± 0.007,2.207 ± 0.035,± 0.10,
GX Gem,4.038,11.33,F7_V,1.488 ± 0.011,2.327 ± 0.012,3.877 ± 0.004,3.792 ± 0.007,0.86 ± 0.03,-0.12,,,0.61,F7_V,1.467 ± 0.010,2.238 ± 0.012,3.904 ± 0.005,3.790 ± 0.007,0.82 ± 0.03,± 0.10,
NGC 2506 V4,2.868,14.65,none,1.478 ± 0.007,2.300 ± 0.014,3.884 ± 0.007,3.834 ± 0.006,,-0.36,,,0.39,none,1.250 ± 0.010,1.534 ± 0.019,4.163 ± 0.012,3.834 ± 0.006,,± 0.10,
KIC 8410637,408.324,11.33,G_III,1.472 ± 0.017,10.596 ± 0.049,2.556 ± 0.003,3.663 ± 0.008,1.656 ± 0.030,0.02,,,0.85,none,1.309 ± 0.014,1.556 ± 0.010,4.171 ± 0.005,3.783 ± 0.014,0.468 ± 0.058,± 0.08,
DM Vir,4.669,8.73,F7_V,1.454 ± 0.008,1.763 ± 0.017,4.108 ± 0.009,3.813 ± 0.007,0.70 ± 0.03,,,,0.47,F7_V,1.448 ± 0.008,1.763 ± 0.017,4.106 ± 0.009,3.813 ± 0.007,0.70 ± 0.03,,
ASAS J073507-0905.7,1.446,9.32,F5_V,1.452 ± 0.034,1.635 ± 0.012,4.173 ± 0.005,3.806 ± 0.007,0.60 ± 0.03,-0.27,,,0.45,none,0.808 ± 0.013,0.819 ± 0.011,4.519 ± 0.010,3.640 ± 0.011,-0.66 ± 0.05,± 0.08,
OGLE-LMC-ECL-15260,157.469,16.92,G8_III,1.449 ± 0.018,23.22 ± 0.43,1.868 ± 0.016,3.682 ± 0.012,2.415 ± 0.050,-0.63,,,1.36,K2_III,1.422 ± 0.016,42.20 ± 0.92,1.340 ± 0.019,3.645 ± 0.008,2.787 ± 0.038,± 0.12,
NN Del,99.269,8.4,F8,1.4445 ± 0.0029,2.194 ± 0.015,3.915 ± 0.006,3.809 ± 0.014,0.868 ± 0.054,,,,0.54,none,1.3266 ± 0.0021,1.608 ± 0.014,4.148 ± 0.007,3.813 ± 0.013,0.615 ± 0.054,,
CD Tau,3.435,6.77,F6_V,1.442 ± 0.016,1.798 ± 0.017,4.087 ± 0.010,3.792 ± 0.004,,0.08,,,0.44,F6_V,1.368 ± 0.016,1.584 ± 0.020,4.174 ± 0.012,3.792 ± 0.004,,± 0.15,
OGLE-SMC-ECL-0970,191.551,17.93,G8_III,1.44 ± 0.02,18.4 ± 0.3,2.07 ± 0.01,3.686 ± 0.006,2.228 ± 0.028,-0.83,,,1.06,G9_III,1.42 ± 0.01,21.1 ± 0.2,1.94 ± 0.01,3.679 ± 0.006,2.322 ± 0.027,± 0.08,
ASAS J090232-5653.4,20.822,10.63,none,1.436 ± 0.016,1.527 ± 0.007,4.201 ± 0.006,3.847 ± 0.014,0.736 ± 0.062,-0.15,,,0.36,none,1.372 ± 0.018,1.392 ± 0.007,4.244 ± 0.007,3.825 ± 0.015,0.585 ± 0.065,± 0.13,
BG Ind,1.464,6.13,F,1.432 ± 0.020,2.339 ± 0.019,3.852 ± 0.008,3.809 ± 0.002,0.926 ± 0.009,-0.19,,,0.5,F,1.315 ± 0.025,1.592 ± 0.033,4.150 ± 0.012,3.834 ± 0.002,0.693 ± 0.020,± 0.04,
ASAS J163903-2847.2,23.31,9.85,none,1.421 ± 0.004,2.157 ± 0.006,3.923 ± 0.002,3.822 ± 0.005,,-0.19,,,0.59,none,1.141 ± 0.002,1.224 ± 0.004,4.320 ± 0.003,3.819 ± 0.025,,± 0.16,
V506 Oph,1.06,11.41,F1_V,1.415 ± 0.010,1.725 ± 0.010,4.1155 ± 0.0061,3.835 ± 0.010,0.766 ± 0.039,,,,0.21,F1_V,1.402 ± 0.009,1.692 ± 0.012,4.1284 ± 0.0067,3.831 ± 0.007,0.734 ± 0.028,,
BF Dra,11.211,9.76,F6_V,1.414 ± 0.003,2.086 ± 0.012,3.950 ± 0.005,3.803 ± 0.011,0.81 ± 0.04,,,,0.59,F6_V,1.375 ± 0.003,1.922 ± 0.012,4.008 ± 0.005,3.806 ± 0.010,0.75 ± 0.04,,
BK Peg,5.49,9.98,F8_V,1.414 ± 0.007,1.988 ± 0.008,3.992 ± 0.004,3.797 ± 0.006,0.74 ± 0.02,-0.12,,,0.59,F7_V,1.257 ± 0.005,1.474 ± 0.017,4.201 ± 0.010,3.801 ± 0.006,0.49 ± 0.03,± 0.07,
AD Boo,2.069,9.38,F6_V,1.414 ± 0.009,1.612 ± 0.014,4.173 ± 0.008,3.818 ± 0.008,0.64 ± 0.03,0.1,,,0.44,G0_V,1.209 ± 0.006,1.216 ± 0.010,4.351 ± 0.007,3.789 ± 0.008,0.28 ± 0.04,± 0.15,
KIC 6864859,40.878,11.64,none,1.411 ± 0.028,1.655 ± 0.013,4.150 ± 0.010,3.813 ± 0.011,,,,,0.31,none,1.354 ± 0.028,1.455 ± 0.012,4.244 ± 0.012,3.816 ± 0.019,,,
BN Scl,3.747,5.23,F7_V,1.4067 ± 0.0022,1.834 ± 0.007,4.059 ± 0.003,3.800 ± 0.003,0.680 ± 0.015,-0.23,,,0.49,F8_V,1.2439 ± 0.0015,1.380 ± 0.009,4.256 ± 0.006,3.795 ± 0.005,0.415 ± 0.020,± 0.06,
VZ Cep,1.183,9.72,F3_V,1.402 ± 0.015,1.534 ± 0.012,4.2130 ± 0.0080,3.824 ± 0.010,0.634 ± 0.041,,,,0.47,G4_V,1.1077 ± 0.0083,1.042 ± 0.039,4.446 ± 0.033,3.757 ± 0.009,0.026 ± 0.050,,
V1200 Cen,2.483,8.5,F5_V,1.393 ± 0.018,1.407 ± 0.014,4.2855 ± 0.0082,3.819 ± 0.004,0.525 ± 0.013,,,,0.46,none,0.8633 ± 0.0081,1.154 ± 0.014,4.2496 ± 0.0099,3.651 ± 0.007,-0.319 ± 0.025,,
KIC 9540226,175.443,12.08,none,1.390 ± 0.031,13.43 ± 0.17,2.326 ± 0.010,3.661 ± 0.007,1.854 ± 0.030,-0.31,,,1.21,none,1.015 ± 0.016,1.034 ± 0.014,4.416 ± 0.010,3.765 ± 0.015,0.042 ± 0.061,± 0.09,
AN Cam,20.998,9.69,F9_V,1.380 ± 0.021,2.159 ± 0.012,3.9095 ± 0.0030,3.782 ± 0.011,0.750 ± 0.043,,,,0.61,G2_IV,1.402 ± 0.025,2.646 ± 0.014,3.7400 ± 0.0037,3.760 ± 0.011,0.839 ± 0.046,,
NGC 7142 V1,15.651,14.86,none,1.377 ± 0.009,1.616 ± 0.005,4.160 ± 0.003,3.782 ± 0.014,,,,,0.83,none,1.377 ± 0.009,1.613 ± 0.005,4.162 ± 0.003,3.782 ± 0.014,,,
ASAS J052821+0338.5,3.873,11.7,K1_PMS,1.375 ± 0.011,1.83 ± 0.01,4.05 ± 0.01,3.708 ± 0.009,0.314 ± 0.034,-0.15,,,0.9,K3_PMS,1.329 ± 0.008,1.73 ± 0.01,4.08 ± 0.01,3.673 ± 0.009,0.140 ± 0.035,± 0.14,
BW Aqr,6.72,10.3,F7_V,1.373 ± 0.018,1.7332 ± 0.0086,4.0982 ± 0.0040,3.810 ± 0.007,0.669 ± 0.027,-0.07,,,0.45,F7_V,1.469 ± 0.018,2.0708 ± 0.0040,3.9731 ± 0.0025,3.802 ± 0.007,0.796 ± 0.028,± 0.11,
V1143 Cyg,7.641,5.89,F5_V,1.361 ± 0.004,1.348 ± 0.016,4.31 ± 0.03,3.821 ± 0.013,0.53 ± 0.06,,,,0.47,F5_V,1.332 ± 0.004,1.322 ± 0.016,4.32 ± 0.04,3.818 ± 0.015,0.50 ± 0.07,,
ASAS J171750-1915.3,3.137,10.99,none,1.3571 ± 0.0026,1.676 ± 0.007,4.122 ± 0.003,3.815 ± 0.009,,0.04,,,0.64,none,1.3452 ± 0.0032,1.648 ± 0.006,4.133 ± 0.003,3.813 ± 0.009,,± 0.12,
RU Cnc,10.173,10.2,none,1.347 ± 0.011,2.188 ± 0.042,3.888 ± 0.017,3.817 ± 0.006,,-0.26,,,0.6,none,1.415 ± 0.007,4.939 ± 0.073,3.202 ± 0.013,3.678 ± 0.013,,± 0.34,
AQ Ser,1.687,10.65,F5_IV,1.346 ± 0.024,2.281 ± 0.014,3.850 ± 0.009,3.808 ± 0.007,0.901 ± 0.027,,,,0.51,F6_IV,1.417 ± 0.022,2.451 ± 0.027,3.810 ± 0.012,3.802 ± 0.007,0.939 ± 0.042,,
RT CrB,5.117,10.21,G5_IV,1.343 ± 0.010,2.615 ± 0.044,3.731 ± 0.014,3.762 ± 0.008,0.838 ± 0.032,,,,0.73,K0_IV,1.359 ± 0.009,2.946 ± 0.051,3.632 ± 0.015,3.710 ± 0.009,0.736 ± 0.036,,
UZ Dra,3.261,9.59,F7_V,1.34 ± 0.02,1.31 ± 0.03,4.33 ± 0.03,3.793 ± 0.008,0.35 ± 0.05,,,,0.47,G0_V,1.23 ± 0.02,1.15 ± 0.02,4.40 ± 0.03,3.777 ± 0.008,0.18 ± 0.05,,
IT Cas,3.897,11.15,F5_V,1.330 ± 0.009,1.593 ± 0.015,4.158 ± 0.009,3.811 ± 0.007,0.601 ± 0.035,,,,0.5,F5_V,1.328 ± 0.008,1.56 ± 0.04,4.175 ± 0.020,3.811 ± 0.007,0.583 ± 0.047,,
ASAS J085002+1752.5,5.226,10.15,none,1.326 ± 0.003,1.571 ± 0.025,4.168 ± 0.014,3.817 ± 0.014,,-0.01,,,0.72,none,1.573 ± 0.003,3.222 ± 0.042,3.619 ± 0.011,3.758 ± 0.018,,± 0.27,
NP Per,2.229,11.24,F5_V,1.3207 ± 0.0087,1.372 ± 0.013,4.2840 ± 0.0080,3.808 ± 0.006,0.460 ± 0.025,+0.02,,,0.7,K5_e,1.0456 ± 0.0046,1.229 ± 0.013,4.2779 ± 0.0089,3.657 ± 0.015,-0.237 ± 0.058,± 0.08,
FM Leo,6.729,8.47,F6_V,1.3144 ± 0.0005,1.6245 ± 0.0021,4.135 ± 0.001,3.806 ± 0.004,0.600 ± 0.015,-0.11,,,0.49,F6_V,1.2703 ± 0.0004,1.5082 ± 0.0029,4.185 ± 0.001,3.805 ± 0.004,0.533 ± 0.015,± 0.04,
ASAS J051753-5406.0,26.132,10.45,none,1.311 ± 0.035,1.935 ± 0.020,3.982 ± 0.006,3.777 ± 0.015,0.635 ± 0.059,-0.1,,,0.41,none,1.093 ± 0.029,1.181 ± 0.014,4.332 ± 0.008,3.767 ± 0.014,0.168 ± 0.060,± 0.13,
KIC 8430105,63.327,10.67,none,1.31 ± 0.02,7.65 ± 0.05,2.788 ± 0.004,3.703 ± 0.006,,-0.49,,,0.93,none,0.83 ± 0.01,0.770 ± 0.05,4.584 ± 0.012,3.761 ± 0.006,,± 0.04,
TIC 193993801,1.431,11.27,F8_V,1.306 ± 0.015,1.692 ± 0.014,4.098 ± 0.006,3.801 ± 0.003,0.614 ± 0.013,,,,0.67,none,1.189 ± 0.018,1.304 ± 0.017,4.245 ± 0.011,3.785 ± 0.003,0.323 ± 0.018,,
V1130 Tau,0.799,6.56,F2_V,1.306 ± 0.008,1.489 ± 0.010,4.208 ± 0.006,3.822 ± 0.005,0.59 ± 0.02,-0.25,,,0.36,F2_V,1.392 ± 0.008,1.782 ± 0.011,4.080 ± 0.006,3.821 ± 0.005,0.74 ± 0.02,± 0.10,
CO And,3.655,10.83,F8_V,1.2892 ± 0.0073,1.727 ± 0.021,4.074 ± 0.011,3.788 ± 0.009,0.580 ± 0.038,0.01,,,0.52,F8_V,1.2643 ± 0.0073,1.694 ± 0.017,4.0822 ± 0.0089,3.790 ± 0.009,0.572 ± 0.038,± 0.15,
V455 Aur,3.146,7.28,F5_V,1.2887 ± 0.0063,1.389 ± 0.011,4.2626 ± 0.0070,3.813 ± 0.013,0.492 ± 0.054,,,,0.43,F6_V,1.2316 ± 0.0050,1.318 ± 0.014,4.2887 ± 0.0089,3.806 ± 0.013,0.419 ± 0.055,,
V375 Cep,1.91,16.12,none,1.288 ± 0.017,1.623 ± 0.006,4.129 ± 0.007,3.794 ± 0.003,,0.09,,,0.88,none,0.871 ± 0.008,0.897 ± 0.003,4.473 ± 0.002,3.703 ± 0.015,,± 0.05,
V1061 Cyg,2.347,9.24,F9_V,1.282 ± 0.015,1.615 ± 0.017,4.129 ± 0.011,3.791 ± 0.007,0.533 ± 0.030,,,,0.54,G8_V,0.9315 ± 0.0068,0.974 ± 0.020,4.430 ± 0.018,3.724 ± 0.012,-0.173 ± 0.052,,
CF Tau,2.756,10.25,K0,1.282 ± 0.009,2.797 ± 0.011,3.653 ± 0.005,3.716 ± 0.013,0.71 ± 0.05,,,,0.95,G0,1.251 ± 0.011,2.048 ± 0.016,3.913 ± 0.008,3.778 ± 0.011,0.69 ± 0.05,,
KIC 7821010,24.238,10.84,none,1.277 ± 0.017,1.276 ± 0.011,4.332 ± 0.007,3.827 ± 0.010,0.47 ± 0.04,0.1,,,0.56,none,1.221 ± 0.016,1.210 ± 0.014,4.359 ± 0.009,3.817 ± 0.011,0.39 ± 0.05,± 0.08,
AP And,1.587,11.19,F5_V,1.2770 ± 0.0044,1.2335 ± 0.0062,4.3623 ± 0.0044,3.817 ± 0.010,0.403 ± 0.040,,,,0.44,F5_V,1.2510 ± 0.0042,1.1954 ± 0.0053,4.3805 ± 0.0038,3.813 ± 0.010,0.358 ± 0.039,,
V505 Per,4.222,6.88,F5_V,1.2745 ± 0.0036,1.2941 ± 0.0016,4.3194 ± 0.0010,3.814 ± 0.003,0.434 ± 0.013,,,,0.42,F5_V,1.2577 ± 0.0030,1.2637 ± 0.0017,4.3343 ± 0.0010,3.810 ± 0.013,0.399 ± 0.013,,
VZ Hya,2.904,8.95,F5_V,1.271 ± 0.006,1.314 ± 0.005,4.305 ± 0.005,3.809 ± 0.010,0.48 ± 0.04,-0.2,,,0.41,F6_V,1.146 ± 0.007,1.112 ± 0.007,4.405 ± 0.006,3.799 ± 0.010,0.24 ± 0.04,± 0.12,
V2154 Cyg,2.631,7.83,F3_V,1.269 ± 0.017,1.477 ± 0.012,4.2028 ± 0.0089,3.831 ± 0.010,0.616 ± 0.039,,,,0.4,K2_V,0.7542 ± 0.0059,0.7232 ± 0.0091,4.597 ± 0.012,3.701 ± 0.013,-0.523 ± 0.039,,
V501 Her,8.598,10.93,G3_IV,1.2690 ± 0.0035,2.0017 ± 0.0031,3.9384 ± 0.0014,3.755 ± 0.008,0.576 ± 0.030,,,,0.93,G3_V,1.2113 ± 0.0032,1.5112 ± 0.0027,4.1623 ± 0.0016,3.757 ± 0.008,0.344 ± 0.029,,
HS Hya,1.568,8.12,F5_V,1.2552 ± 0.0078,1.2747 ± 0.0072,4.3259 ± 0.0056,3.8129 ± 0.0033,0.415 ± 0.014,,,,0.41,F5_V,1.2186 ± 0.0070,1.2161 ± 0.0071,4.3539 ± 0.0057,3.8062 ± 0.0034,0.347 ± 0.015,,
KIC 5359678,6.231,14.21,F5,1.252 ± 0.018,1.449 ± 0.012,4.214 ± 0.007,3.813 ± 0.003,0.555 ± 0.014,,,,0.7,none,1.065 ± 0.013,1.048 ± 0.017,4.424 ± 0.013,3.777 ± 0.005,0.103 ± 0.025,,
EF Aqr,2.854,9.89,G0_V,1.244 ± 0.008,1.338 ± 0.012,4.280 ± 0.007,3.789 ± 0.006,0.360 ± 0.011,+0.00,,,0.72,none,0.946 ± 0.006,0.956 ± 0.012,4.453 ± 0.011,3.715 ± 0.009,-0.227 ± 0.020,± 0.10,
WOCS 40007,3.185,15.65,none,1.236 ± 0.020,1.399 ± 0.007,4.240 ± 0.005,3.795 ± 0.006,,-0.03,,,0.71,none,1.086 ± 0.018,1.098 ± 0.004,4.381 ± 0.004,3.775 ± 0.011,,± 0.06,
TIC 172900988,19.658,10.14,none,1.2277 ± 0.0009,1.3827 ± 0.0025,4.2492 ± 0.0016,3.782 ± 0.007,,0.34,,,0.55,none,1.2021 ± 0.0008,1.3141 ± 0.0013,4.2808 ± 0.0009,3.777 ± 0.007,,± +0.34,
WZ Oph,4.184,9.1,F8_V,1.227 ± 0.007,1.401 ± 0.012,4.234 ± 0.008,3.790 ± 0.007,0.41 ± 0.03,-0.27,,,0.5,F8_V,1.220 ± 0.006,1.419 ± 0.012,4.221 ± 0.008,3.786 ± 0.007,0.40 ± 0.03,± 0.07,
KIC 3439031,5.952,11.34,none,1.2258 ± 0.0024,1.4072 ± 0.0022,4.2300 ± 0.0013,3.815 ± 0.015,0.45 ± 0.06,0.1,,,0.48,none,1.2274 ± 0.0028,1.4030 ± 0.0025,4.2332 ± 0.0015,3.815 ± 0.015,0.45 ± 0.06,± 0.13,
UX Men,4.181,8.22,F8_V,1.2229 ± 0.0015,1.347 ± 0.013,4.272 ± 0.009,3.792 ± 0.007,0.38 ± 0.03,0.04,,,0.54,F8_V,1.1878 ± 0.0015,1.274 ± 0.013,4.306 ± 0.009,3.789 ± 0.007,0.32 ± 0.03,± 0.10,
Kepler 1647,11.259,13.7,none,1.2207 ± 0.0112,1.7903 ± 0.0055,4.0180 ± 0.0020,3.793 ± 0.007,,-0.14,,,0.66,none,0.9678 ± 0.0039,0.9663 ± 0.0057,4.4534 ± 0.0040,3.761 ± 0.009,,± 0.05,
FL Lyr,2.178,9.33,F8_V,1.2102 ± 0.0076,1.244 ± 0.023,4.331 ± 0.016,3.796 ± 0.008,0.330 ± 0.095,-0.07,,,0.52,G8_V,0.9512 ± 0.0039,0.900 ± 0.024,4.508 ± 0.023,3.740 ± 0.019,-0.180 ± 0.080,± 0.09,
LL Aqr,20.178,9.32,F3_V,1.1959 ± 0.0007,1.321 ± 0.006,4.274 ± 0.004,3.784 ± 0.003,0.332 ± 0.014,0.02,,,0.54,F8_V,1.0337 ± 0.0007,1.002 ± 0.005,4.451 ± 0.004,3.756 ± 0.004,-0.019 ± 0.016,± 0.04,
KIC 2306740,10.307,13.7,none,1.194 ± 0.008,1.682 ± 0.004,4.063 ± 0.002,3.764 ± 0.018,0.449 ± 0.075,,,,0.74,none,1.078 ± 0.007,1.226 ± 0.005,4.294 ± 0.004,3.782 ± 0.017,0.260 ± 0.072,,
AI Phe,24.592,8.61,K0_IV,1.1938 ± 0.0008,1.8050 ± 0.0022,4.0020 ± 0.0011,3.792 ± 0.002,0.654 ± 0.007,-0.14,,,0.83,F7_V,1.2438 ± 0.0008,2.9332 ± 0.0023,3.5981 ± 0.0009,3.707 ± 0.002,0.736 ± 0.006,± 0.10,
LV Her,18.436,11.06,F9_V,1.193 ± 0.010,1.358 ± 0.012,4.2493 ± 0.0082,3.793 ± 0.011,0.349 ± 0.044,0.08,,,0.78,F9_V,1.1698 ± 0.0081,1.313 ± 0.011,4.2695 ± 0.0081,3.780 ± 0.011,0.311 ± 0.044,± 0.21,
V2080 Cyg,4.934,7.404,F4_V,1.191 ± 0.017,1.596 ± 0.008,4.108 ± 0.003,3.778 ± 0.005,0.474 ± 0.022,,,,0.421,F4_V,1.157 ± 0.017,1.599 ± 0.008,4.093 ± 0.003,3.777 ± 0.005,0.472 ± 0.022,,
KIC 9970396,235.299,11.75,none,1.178 ± 0.015,8.035 ± 0.074,2.699 ± 0.011,3.687 ± 0.007,,-0.35,,,1.07,none,1.0030 ± 0.0085,1.1089 ± 0.0052,4.3493 ± 0.0054,3.794 ± 0.009,,± 0.10,
EW Ori,6.937,9.9,G0_V,1.173 ± 0.011,1.168 ± 0.005,4.372 ± 0.005,3.783 ± 0.007,0.22 ± 0.03,0.05,,,0.57,G2_V,1.123 ± 0.009,1.097 ± 0.005,4.408 ± 0.005,3.771 ± 0.007,0.12 ± 0.03,± 0.09,
KIC 7037405,207.108,12.22,none,1.170 ± 0.020,14.000 ± 0.093,2.2131 ± 0.0067,3.653 ± 0.008,,-0.27,,,1.13,none,1.110 ± 0.011,1.746 ± 0.014,3.9990 ± 0.0071,3.785 ± 0.010,,± 0.10,
AL Ari,3.747,7.23,F6_V,1.1640 ± 0.0013,1.372 ± 0.009,4.229 ± 0.005,3.804 ± 0.004,0.444 ± 0.016,-0.42,,,0.52,G7_V,0.9112 ± 0.0007,0.905 ± 0.008,4.458 ± 0.008,3.745 ± 0.005,-0.155 ± 0.019,± 0.08,
WASP 0639-32,11.658,10.66,F,1.1544 ± 0.0043,1.834 ± 0.023,3.974 ± 0.011,3.801 ± 0.003,0.685 ± 0.018,-0.33,,,0.5,K,0.7833 ± 0.0028,0.7291 ± 0.0081,4.607 ± 0.010,3.732 ± 0.006,-0.392 ± 0.028,± 0.10,
ASAS J061016-3321.3,199.857,9.71,K5_III,1.148 ± 0.031,12.34 ± 0.19,2.315 ± 0.014,3.632 ± 0.019,1.667 ± 0.074,0.08,,,1.48,K5_V,1.152 ± 0.012,33.32 ± 0.39,1.454 ± 0.010,3.583 ± 0.021,2.319 ± 0.092,± 0.10,
ZZ UMa,2.299,10.39,F8_V,1.142 ± 0.007,1.52 ± 0.02,4.135 ± 0.011,3.775 ± 0.005,0.42 ± 0.02,,,,0.54,G6_V,0.972 ± 0.007,1.16 ± 0.01,4.299 ± 0.007,3.722 ± 0.007,-0.03 ± 0.03,,
ASAS J231922-0852.2,6.062,10.24,none,1.136 ± 0.003,1.640 ± 0.009,4.064 ± 0.005,3.797 ± 0.003,,-0.39,,,0.46,none,1.006 ± 0.002,1.110 ± 0.023,4.350 ± 0.018,3.795 ± 0.007,,± 0.07,
KX Cnc,31.22,7.19,F9_V,1.1345 ± 0.0032,1.0527 ± 0.0056,4.4825 ± 0.0045,3.771 ± 0.007,0.083 ± 0.030,0.07,,,0.56,F9_V,1.1241 ± 0.0045,1.0593 ± 0.0051,4.4388 ± 0.0041,3.767 ± 0.007,0.071 ± 0.030,± 0.10,
HP Dra,10.762,7.94,F9_V,1.133 ± 0.005,1.371 ± 0.012,4.218 ± 0.010,3.778 ± 0.011,0.340 ± 0.044,,,,0.55,F9_V,1.094 ± 0.007,1.052 ± 0.010,4.433 ± 0.011,3.770 ± 0.011,0.079 ± 0.044,,
EPIC 219568666,11.991,11.86,F8_V,1.121 ± 0.013,1.178 ± 0.007,4.346 ± 0.005,3.788 ± 0.007,0.248 ± 0.028,+0.07,,,0.7,none,0.733 ± 0.005,0.640 ± 0.017,4.690 ± 0.022,3.653 ± 0.010,-0.818 ± 0.046,± 0.03,
WOCS 12009,69.728,13.99,none,1.111 ± 0.015,1.071 ± 0.009,4.424 ± 0.002,3.785 ± 0.007,,0.03,,,0.62,none,0.748 ± 0.005,0.713 ± 0.032,4.607 ± 0.038,3.673 ± 0.010,,± 0.04,
V785 Cep,6.504,14.74,none,1.103 ± 0.007,1.424 ± 0.019,4.174 ± 0.012,3.771 ± 0.007,0.34 ± 0.03,-0.06,,,0.6,none,1.081 ± 0.007,1.373 ± 0.019,4.196 ± 0.013,3.769 ± 0.007,0.30 ± 0.03,± 0.06,
AL Dor,14.905,7.74,F9_V,1.1018 ± 0.0006,1.0917 ± 0.0020,4.404 ± 0.002,3.782 ± 0.005,0.159 ± 0.018,-0.1,,,0.57,F9_V,1.1028 ± 0.0007,1.0983 ± 0.0020,4.399 ± 0.002,3.782 ± 0.005,0.164 ± 0.018,± 0.04,
V1094 Tau,8.989,8.97,G0_V,1.0965 ± 0.0040,1.4109 ± 0.0058,4.179 ± 0.004,3.767 ± 0.007,0.32 ± 0.03,,,,0.7,G3_V,1.0121 ± 0.0028,1.1063 ± 0.0066,4.355 ± 0.005,3.756 ± 0.008,0.05 ± 0.03,,
OGLE-BLG-ECL-296596,155.658,15.48,K6_III,1.093 ± 0.015,18.06 ± 0.28,1.963 ± 0.013,3.625 ± 0.014,1.964 ± 0.067,-0.07,,,1.26,K8_III,1.125 ± 0.014,29.80 ± 0.33,1.541 ± 0.011,3.599 ± 0.013,2.297 ± 0.060,± 0.15,
EPIC 210822691,8.074,11.37,none,1.09 ± 0.01,1.25 ± 0.01,4.286 ± 0.021,3.775 ± 0.009,0.245 ± 0.028,+0.00,,,0.59,none,0.96 ± 0.02,0.94 ± 0.01,4.473 ± 0.033,3.745 ± 0.012,-0.118 ± 0.038,± 0.05,
V568 Lyr,14.47,17.34,none,1.0868 ± 0.0039,1.397 ± 0.013,4.1840 ± 0.0078,3.752 ± 0.007,,0.28,,,0.94,none,0.8276 ± 0.0022,0.7813 ± 0.0053,4.5698 ± 0.0059,3.683 ± 0.013,,± 0.05,
V432 Aur,3.082,8.15,none,1.080 ± 0.014,1.230 ± 0.006,4.290 ± 0.008,3.825 ± 0.006,,-0.6,,,0.7,none,1.200 ± 0.018,2.460 ± 0.020,3.740 ± 0.010,3.784 ± 0.006,,± 0.05,
EPIC 219394517,6.527,11.34,G,1.0782 ± 0.0019,1.055 ± 0.011,4.4247 ± 0.0094,3.773 ± 0.007,0.091 ± 0.031,0.07,,,0.64,G,1.0661 ± 0.0024,1.042 ± 0.012,4.4303 ± 0.0097,3.769 ± 0.007,0.066 ± 0.031,± 0.03,
V636 Cen,4.284,8.7,G0_V,1.052 ± 0.005,1.018 ± 0.004,4.444 ± 0.004,3.771 ± 0.006,0.05 ± 0.03,-0.20,,,0.62,none,0.854 ± 0.003,0.830 ± 0.004,4.532 ± 0.005,3.699 ± 0.009,-0.41 ± 0.04,± 0.08,
Kepler-34,27.796,15.04,none,1.0479 ± 0.0032,1.1618 ± 0.0029,4.3284 ± 0.0021,3.772 ± 0.009,0.173 ± 0.033,-0.07,,,0.63,none,1.0208 ± 0.0022,1.0927 ± 0.0030,4.3703 ± 0.0022,3.768 ± 0.010,0.107 ± 0.036,± 0.15,
KIC 7177553,17.996,11.54,G2_V,1.043 ± 0.014,0.940 ± 0.005,4.517 ± 0.008,3.763 ± 0.010,-0.055 ± 0.040,-0.05,,,0.52,G2_V,0.986 ± 0.015,0.941 ± 0.005,4.491 ± 0.008,3.759 ± 0.011,-0.071 ± 0.041,± 0.09,
CV Boo,0.847,10.8,G2_V,1.032 ± 0.013,1.262 ± 0.023,4.294 ± 0.016,3.760 ± 0.011,0.197 ± 0.048,,,,0.5,G3_V,0.968 ± 0.012,1.173 ± 0.023,4.285 ± 0.017,3.754 ± 0.011,0.107 ± 0.049,,
EBLM J0113+31,14.277,10.12,G0_V,1.029 ± 0.025,1.417 ± 0.014,4.148 ± 0.006,3.787 ± 0.003,0.406 ± 0.014,-0.3,,,0.5,none,0.197 ± 0.003,0.215 ± 0.002,5.068 ± 0.006,3.528 ± 0.005,-2.267 ± 0.024,± 0.1,
V818 Tau,5.609,8.32,G8_V,1.0245 ± 0.0024,0.923 ± 0.015,4.518 ± 0.014,3.752 ± 0.004,,0.05,,,0.76,K4_V,0.7426 ± 0.0016,0.739 ± 0.026,4.571 ± 0.032,3.633 ± 0.010,,± 0.05,
V1174 Ori,2.635,13.95,K4.5_V,1.009 ± 0.015,1.339 ± 0.015,4.19 ± 0.01,3.650 ± 0.012,-0.193 ± 0.048,,,,1.24,M1.5_V,0.731 ± 0.008,1.065 ± 0.011,4.25 ± 0.01,3.558 ± 0.012,-0.761 ± 0.058,,
V530 Ori,6.111,9.96,G1_V,1.0038 ± 0.0066,0.980 ± 0.013,4.457 ± 0.012,3.777 ± 0.007,0.016 ± 0.032,-0.12,,,0.49,M1_V,0.5955 ± 0.0022,0.5873 ± 0.0067,4.676 ± 0.010,3.589 ± 0.013,-1.154 ± 0.053,± 0.08,
V565 Lyr,18.799,17.71,none,0.9955 ± 0.0033,1.1011 ± 0.0068,4.3524 ± 0.0053,3.748 ± 0.007,,0.28,,,0.93,none,0.9293 ± 0.0032,0.9708 ± 0.0053,4.4319 ± 0.0080,3.735 ± 0.010,,± 0.05,
KIC 8736245,5.069,13.95,G2_V,0.987 ± 0.009,1.311 ± 0.006,4.197 ± 0.006,3.764 ± 0.009,,,,,0.71,none,0.782 ± 0.009,0.804 ± 0.004,4.521 ± 0.008,3.702 ± 0.011,,,
IM Vir,1.309,9.57,G7_V,0.981 ± 0.012,1.061 ± 0.016,4.379 ± 0.014,3.754 ± 0.008,-0.012 ± 0.034,-0.10,,,0.66,K7_V,0.6644 ± 0.0048,0.681 ± 0.013,4.594 ± 0.017,3.628 ± 0.013,-0.867 ± 0.056,± 0.25,
OGLE-SMC-ECL-1492,73.715,17.71,G6_III,0.97 ± 0.01,15.9 ± 0.6,2.02 ± 0.03,3.697 ± 0.009,2.149 ± 0.046,-0.88,,,1.03,G8_III,0.97 ± 0.01,25.1 ± 0.3,1.63 ± 0.01,3.679 ± 0.006,2.468 ± 0.028,± 0.09,
Kepler-47,7.448,15.38,none,0.957 ± 0.014,0.936 ± 0.005,4.476 ± 0.005,3.751 ± 0.008,-0.076 ± 0.035,-0.25,,,0.85,none,0.342 ± 0.003,0.338 ± 0.002,4.914 ± 0.005,3.526 ± 0.013,-1.854 ± 0.062,± 0.08,
ASAS J065134-2211.5,8.22,9.83,G,0.956 ± 0.012,0.997 ± 0.004,4.421 ± 0.003,3.740 ± 0.008,-0.09 ± 0.03,+0.09,,,0.83,none,0.674 ± 0.005,0.690 ± 0.007,4.589 ± 0.009,3.599 ± 0.012,-0.96 ± 0.05,± 0.13,
Tyc 5227-1023-1,4.306,11.86,none,0.956 ± 0.016,1.388 ± 0.010,4.13 ± 0.01,3.803 ± 0.014,,-0.63,,,0.55,none,0.839 ± 0.012,0.977 ± 0.010,4.38 ± 0.01,3.773 ± 0.016,,± 0.11,
HP Aur,1.423,11.17,G2_V,0.9543 ± 0.0041,1.0278 ± 0.0042,4.3942 ± 0.0040,3.764 ± 0.009,0.036 ± 0.035,,,,0.68,K1_V,0.8094 ± 0.0036,0.7758 ± 0.0034,4.5669 ± 0.0043,3.713 ± 0.010,-0.414 ± 0.039,,
Kepler-453,27.322,13.7,none,0.944 ± 0.010,0.833 ± 0.011,4.571 ± 0.015,3.742 ± 0.008,,0.09,,,0.75,none,0.1951 ± 0.0020,0.2150 ± 0.0014,5.0630 ± 0.0050,3.509 ± 0.013,,± 0.10,
KIC 6131659,17.528,12.76,none,0.942 ± 0.010,0.903 ± 0.003,4.496 ± 0.005,3.716 ± 0.008,,-0.23,,,0.92,none,0.703 ± 0.008,0.616 ± 0.003,4.705 ± 0.006,3.617 ± 0.050,,± 0.20,
CG Cyg,0.631,10.08,G9_V,0.94 ± 0.012,0.89 ± 0.013,4.512 ± 0.014,3.721 ± 0.015,-0.26 ± 0.06,,,,0.86,K3_V,0.81 ± 0.013,0.84 ± 0.014,4.505 ± 0.016,3.674 ± 0.006,-0.51 ± 0.03,,
ASAS J045021+2300.4,1.653,10.26,none,0.934 ± 0.017,1.058 ± 0.023,4.360 ± 0.018,3.753 ± 0.005,,-0.26,,,0.73,none,0.409 ± 0.005,0.408 ± 0.009,4.829 ± 0.019,3.555 ± 0.012,,± 0.26,
RW Lac,10.369,10.63,G5_V,0.928 ± 0.006,1.186 ± 0.004,4.257 ± 0.003,3.760 ± 0.008,0.14 ± 0.03,-0.3,,,0.5,G7_V,0.870 ± 0.004,0.964 ± 0.004,4.409 ± 0.004,3.745 ± 0.012,-0.10 ± 0.05,,
EPIC 219511354,1.622,13.16,K2_V,0.912 ± 0.013,0.920 ± 0.016,4.470 ± 0.016,3.702 ± 0.013,-0.310 ± 0.053,+0.07,,,0.94,K4_V,0.822 ± 0.016,0.851 ± 0.016,4.494 ± 0.017,3.671 ± 0.012,-0.500 ± 0.052,± 0.03,
HS Aur,9.815,10.16,G8_V,0.900 ± 0.019,1.004 ± 0.024,4.389 ± 0.023,3.728 ± 0.006,-0.13 ± 0.03,,,,0.77,K0_V,0.879 ± 0.017,0.873 ± 0.024,4.500 ± 0.025,3.716 ± 0.006,-0.30 ± 0.03,,
Kepler-35,20.734,15.96,none,0.8877 ± 0.0052,1.0284 ± 0.0020,4.3623 ± 0.0020,3.749 ± 0.011,-0.027 ± 0.043,-0.34,,,0.66,none,0.8094 ± 0.0044,0.7861 ± 0.0021,4.5556 ± 0.0016,3.716 ± 0.008,-0.387 ± 0.020,± 0.20,
47 Tuc V69,29.54,16.84,none,0.8762 ± 0.0048,1.3148 ± 0.0051,4.143 ± 0.003,3.775 ± 0.003,0.292 ± 0.013,-0.71,,,0.56,none,0.8588 ± 0.0060,1.1616 ± 0.0062,4.242 ± 0.003,3.777 ± 0.003,0.193 ± 0.014,± 0.10,
47 Tuc E32,40.913,17.15,none,0.8617 ± 0.0047,1.1834 ± 0.0034,4.227 ± 0.002,3.780 ± 0.003,0.217 ± 0.013,-0.71,,,0.56,none,0.8268 ± 0.0045,1.0045 ± 0.0040,4.352 ± 0.003,3.775 ± 0.003,0.057 ± 0.015,± 0.10,
ASAS J045304-0700.4,1.622,11.24,K2_V,0.8338 ± 0.0036,0.848 ± 0.005,4.503 ± 0.005,3.726 ± 0.016,-0.278 ± 0.065,,,,0.63,K4_V,0.8280 ± 0.0040,0.833 ± 0.005,4.515 ± 0.005,3.708 ± 0.017,-0.365 ± 0.068,,
NGC 6362 V40,5.296,18.22,none,0.8337 ± 0.0063,1.3253 ± 0.0077,4.550 ± 0.005,3.789 ± 0.009,0.356 ± 0.035,-1.07,,,0.55,none,0.7947 ± 0.0048,0.997 ± 0.013,4.361 ± 0.011,3.785 ± 0.011,0.093 ± 0.046,± 0.05,
ASAS J212954-5620.1,0.702,11.93,none,0.833 ± 0.017,0.845 ± 0.012,4.506 ± 0.012,3.677 ± 0.014,-0.482 ± 0.057,,,,1.17,none,0.703 ± 0.013,0.718 ± 0.017,4.574 ± 0.020,3.625 ± 0.019,-0.840 ± 0.076,,
NGC 6362 V41,17.889,18.77,none,0.8215 ± 0.0058,1.0739 ± 0.0048,4.311 ± 0.004,3.787 ± 0.009,0.164 ± 0.033,-1.07,,,0.57,none,0.7280 ± 0.0047,0.7307 ± 0.0046,4.593 ± 0.006,3.759 ± 0.009,-0.281 ± 0.036,± 0.05,
M4 V65,2.293,17.03,none,0.8035 ± 0.0086,1.1470 ± 0.0104,4.221 ± 0.014,3.785 ± 0.008,0.210 ± 0.032,-1.2,,,0.9,none,0.6050 ± 0.0044,0.6110 ± 0.0092,4.645 ± 0.017,3.682 ± 0.011,-0.747 ± 0.046,± 0.1,
V1236 Tau,2.588,18.1,K7_V,0.787 ± 0.012,0.788 ± 0.015,4.54 ± 0.02,3.623 ± 0.020,-0.76 ± 0.10,,,,1.37,K7_V,0.770 ± 0.009,0.817 ± 0.010,4.50 ± 0.01,3.618 ± 0.025,-0.75 ± 0.09,,
M4 V66,8.111,16.84,none,0.7842 ± 0.0045,0.9347 ± 0.0048,4.388 ± 0.077,3.790 ± 0.007,0.053 ± 0.028,-1.2,,,0.88,none,0.7443 ± 0.0042,0.8298 ± 0.0053,4.469 ± 0.085,3.774 ± 0.008,-0.115 ± 0.031,± 0.1,
M4 V69,48.188,17.01,none,0.7665 ± 0.0053,0.8655 ± 0.0097,4.444 ± 0.132,3.784 ± 0.009,-0.036 ± 0.036,-1.2,,,0.9,none,0.7278 ± 0.0048,0.8074 ± 0.0080,4.483 ± 0.119,3.772 ± 0.010,-0.146 ± 0.041,± 0.1,
1SWASP J093010.78+533859.5,1.306,9.84,K1_V,0.766 ± 0.014,0.757 ± 0.008,4.564 ± 0.012,3.699 ± 0.017,-0.49 ± 0.07,,,,0.88,K5_V,0.644 ± 0.012,0.743 ± 0.010,4.505 ± 0.014,3.627 ± 0.021,-0.80 ± 0.08,,
V404 CMa,0.452,17.45,none,0.733 ± 0.005,0.72 ± 0.01,4.608 ± 0.012,3.623 ± 0.010,-0.867 ± 0.044,,,,1.17,none,0.662 ± 0.005,0.68 ± 0.02,4.614 ± 0.025,3.596 ± 0.012,-1.028 ± 0.054,,
M55 V54,9.269,18.3,none,0.726 ± 0.015,1.006 ± 0.009,4.294 ± 0.010,3.796 ± 0.005,0.140 ± 0.021,-1.86,,,0.56,none,0.555 ± 0.008,0.528 ± 0.005,4.737 ± 0.010,3.701 ± 0.008,-0.799 ± 0.033,± 0.15,
ASAS J082552-1622.8,1.528,11.45,K7_V,0.7029 ± 0.0045,0.694 ± 0.009,4.600 ± 0.016,3.624 ± 0.021,-0.808 ± 0.082,,,,1.16,M0_V,0.6872 ± 0.0049,0.699 ± 0.013,4.585 ± 0.016,3.611 ± 0.021,-0.909 ± 0.087,,
NSVS 10653195,0.561,12.5,K6_V,0.6402 ± 0.0052,0.687 ± 0.021,4.570 ± 0.027,3.628 ± 0.010,-0.863 ± 0.050,,,,1.17,K7_V,0.6511 ± 0.0052,0.672 ± 0.020,4.597 ± 0.027,3.613 ± 0.012,-0.939 ± 0.055,,
GU Boo,0.489,13.7,M1_V,0.610 ± 0.007,0.623 ± 0.016,4.634 ± 0.023,3.593 ± 0.014,-1.09 ± 0.06,,,,1.5,M1_V,0.599 ± 0.006,0.620 ± 0.020,4.630 ± 0.028,3.581 ± 0.015,-1.14 ± 0.08,,
YY Gem,0.814,9.07,M1_Ve,0.5975 ± 0.0047,0.6196 ± 0.0057,4.630 ± 0.008,3.582 ± 0.011,-1.134 ± 0.009,,,,1.49,M1_Ve,0.6009 ± 0.0047,0.6036 ± 0.0057,4.655 ± 0.051,3.582 ± 0.011,-1.134 ± 0.009,,
LP 819-72,11,10.54,K5_V,0.59 ± 0.02,0.60 ± 0.01,4.65 ± 0.02,3.605 ± 0.006,-1.07 ± 0.03,,,,1.76,K5_V,0.65 ± 0.02,0.58 ± 0.01,4.72 ± 0.02,3.626 ± 0.006,-1.01 ± 0.03,,
MG1-506664,1.548,16,M1_V,0.584 ± 0.002,0.560 ± 0.005,4.708 ± 0.008,3.572 ± 0.012,-1.26 ± 0.05,,,,1.4,M2_V,0.544 ± 0.002,0.513 ± 0.008,4.753 ± 0.013,3.558 ± 0.012,-1.40 ± 0.05,,
MG1-116309,0.827,16.1,K8_V,0.567 ± 0.002,0.552 ± 0.013,4.708 ± 0.020,3.593 ± 0.011,-1.19 ± 0.04,,,,1.4,M0_V,0.532 ± 0.002,0.532 ± 0.009,4.712 ± 0.015,3.581 ± 0.011,-1.27 ± 0.05,,
MG1-78457,1.586,17.7,M3_V,0.527 ± 0.002,0.505 ± 0.011,4.753 ± 0.019,3.522 ± 0.013,-1.55 ± 0.05,,,,1.5,M4_V,0.491 ± 0.002,0.471 ± 0.012,4.783 ± 0.022,3.515 ± 0.013,-1.64 ± 0.05,,
MG1-646680,1.638,17.3,M1_V,0.499 ± 0.002,0.457 ± 0.007,4.816 ± 0.013,3.572 ± 0.006,-1.44 ± 0.03,,,,1.4,M2_V,0.443 ± 0.002,0.427 ± 0.006,4.824 ± 0.013,3.560 ± 0.006,-1.55 ± 0.03,,
THOR 42,0.859,15.17,M3.5,0.497 ± 0.005,0.659 ± 0.003,4.496 ± 0.003,3.518 ± 0.003,-1.337 ± 0.013,,,,1.53,none,0.205 ± 0.002,0.424 ± 0.002,4.496 ± 0.004,3.478 ± 0.003,-1.879 ± 0.013,,
MG1-2056316,1.722,16.2,M2_V,0.469 ± 0.002,0.441 ± 0.003,4.820 ± 0.006,3.539 ± 0.022,-1.60 ± 0.09,,,,1.5,M3_V,0.382 ± 0.002,0.374 ± 0.003,4.874 ± 0.007,3.521 ± 0.022,-1.82 ± 0.09,,
HAT-TR-318-007,3.343,16.13,M4_V,0.448 ± 0.001,0.4548 ± 0.0036,4.7740 ± 0.0057,3.504 ± 0.015,-1.715 ± 0.060,+0.30,,,1.32,M5_V,0.2721 ± 0.0042,0.2913 ± 0.0024,4.9442 ± 0.0039,3.491 ± 0.015,-2.151 ± 0.062,± 0.11,
CU Cnc,2.771,11.89,M3.5_Ve,0.4333 ± 0.0017,0.4317 ± 0.0052,4.804 ± 0.011,3.500 ± 0.021,-1.778 ± 0.083,,,,1.4,M3.5_Ve,0.3980 ± 0.0014,0.3908 ± 0.0094,4.854 ± 0.021,3.495 ± 0.021,-1.884 ± 0.086,,
NGTS 0002-29,1.098,17.64,M,0.3978 ± 0.0033,0.4037 ± 0.0048,4.826 ± 0.010,3.528 ± 0.005,-1.72 ± 0.02,+0.04,,,1.28,M,0.2245 ± 0.0018,0.2759 ± 0.0055,4.908 ± 0.017,3.509 ± 0.006,-2.12 ± 0.03,± 0.04,
PTFEB 132.707+19.810,6.016,17.89,M3.5_V,0.3953 ± 0.0020,0.363 ± 0.008,4.915 ± 0.019,3.513 ± 0.012,-1.863 ± 0.032,+0.14,,,1.66,M4.3_V,0.2098 ± 0.0014,0.272 ± 0.012,4.891 ± 0.039,3.494 ± 0.015,-2.30 ± 0.13,± 0.04,
LSPM J1112+7626,41.033,14.85,M4_V,0.3946 ± 0.0023,0.3860 ± 0.0054,4.861 ± 0.012,3.486 ± 0.024,-1.92 ± 0.08,,,,1.49,none,0.2745 ± 0.0012,0.2978 ± 0.0048,4.929 ± 0.014,3.470 ± 0.023,-2.21 ± 0.09,,
UScoCTIO 5,34.001,16.19,M4.5_V,0.3393 ± 0.0020,0.8733 ± 0.0024,4.0859 ± 0.0021,3.515 ± 0.013,-1.105 ± 0.053,,,,1.62,M4.5_V,0.3263 ± 0.0020,0.8376 ± 0.0024,4.1053 ± 0.0021,3.513 ± 0.013,-1.146 ± 0.059,,
KOI-126 BC,1.722,-1,M,0.2352 ± 0.0006,0.2545 ± 0.0008,4.998 ± 0.003,3.510 ± 0.005,-2.194 ± 0.020,0.15,,,-1,M,0.2073 ± 0.0006,0.2315 ± 0.0007,5.026 ± 0.003,3.501 ± 0.005,-2.312 ± 0.020,± 0.08,
CM Dra,1.268,12.9,M4.5_V,0.2310 ± 0.0009,0.2534 ± 0.0019,4.994 ± 0.007,3.496 ± 0.010,-2.258 ± 0.038,-0.30,,,1.6,M4.5_V,0.2141 ± 0.0009,0.2396 ± 0.0015,5.009 ± 0.006,3.494 ± 0.014,-2.313 ± 0.056,± 0.12,
NGTS J052218.2-250710.4,1.748,16.88,M5_V,0.1739 ± 0.0013,0.2045 ± 0.0048,5.057 ± 0.021,3.476 ± 0.014,,,,,1.49,M5_V,0.1742 ± 0.0013,0.2168 ± 0.0048,5.007 ± 0.020,3.477 ± 0.012,,,
EPIC 203710387,2.809,14.3,M4.5V,0.1158 ± 0.0031,0.4317 ± 0.0055,4.231 ± 0.010,3.483 ± 0.011,-1.842 ± 0.047,,,,1.8,M5V,0.1056 ± 0.0027,0.4236 ± 0.0056,4.207 ± 0.010,3.483 ± 0.011,-1.861 ± 0.047,,